order,date,species,plant,height (cm),crown axis 1 (cm),crown axis 2 (cm),canopy_Projected_area(cm2),root core radius (cm),root core depth (cm),leaf 1 length(cm),leaf 1 width (cm),leaf 2 length,leaf 2 width,leaf 3 length,leaf 3 width,leaf 1 fresh weight (g),leaf 2 fresh weight (g),leaf 3 fresh weight,percent of plant sampled for total leaf area,leaf 1 dry weight (g),leaf 2 dry weight (g),leaf  3 dry weight (g),total_leaf(L1-L3)_weight(g),AGB bag dry weight (g),total AGB weight (g),L1_area(cm2),L2_area(cm2),L3_area(cm2),aveLeafSize(cm2),AGB_area_image (cm2),AGB_area_full,total_leaf_area(cm2),L1_SLA,L2_SLA,L3_SLA,ave_SLA,L1_LDMC,L2_LDMC,L3_LDMC,ave_LDMC,LAI(leaf area/canopy elipse),LAR(leaf area/AGB),fine_root_length(cm),root_dry_mass(mg),SRL(m/g),relative_spread(lateral/height),notes
1,3/6/2012,LACA,1,107,92,81,5852.79,10,10,2.8,0.1,5.3,0.3,3.8,0.3,0.0182,0.076,0.0416,100,0.0026,0.0088,0.0055,0.0169,0.4461,0.463,0.568,1.916,1.245,1.243,51.583,51.583,55.312,218.46,217.73,226.36,220.85,142.8571,115.7895,132.2115,130.2861,0.0095,119.46,165.61,10.9,151.94,0.82,
2,3/6/2012,LACA,2,106,117,87,7994.57,10,10,3,0.2,4.9,0.3,3,0.4,0.0317,0.0583,0.0327,100,0.0032,0.0063,0.0043,0.0138,0.4511,0.4649,0.849,1.382,0.938,1.0563333333,54.286,54.286,57.455,265.31,219.37,218.14,234.27,100.9464,108.0617,131.4985,113.5022,0.0072,123.59,412.05,12.2,337.75,1.23,
3,3/6/2012,LACA,3,83,86,54,3647.39,10,10,3.7,0.2,4.1,0.3,2.5,0.3,0.0294,0.049,0.0248,100,0.0041,0.0057,0.0035,0.0133,0.3517,0.365,0.774,1.198,0.811,0.9276666667,41.654,41.654,44.437,188.78,210.18,231.71,210.22,139.4558,116.3265,141.129,132.3038,0.0122,121.75,396.28,14.6,271.42,0.74,
4,3/6/2012,LACA,4,95,85,80,5340.71,10,10,4.6,0.2,3.7,0.2,3,0.4,0.062,0.038,0.0407,100,0.0068,0.0046,0.0055,0.0169,0.3882,0.4051,1.255,1.001,1.076,1.1106666667,39.293,39.293,42.625,184.56,217.61,195.64,199.27,109.6774,121.0526,135.1351,121.9551,0.008,105.22,117.95,4.4,268.07,0.87,
5,3/6/2012,LACA,5,92,85,60,4005.53,10,10,3.4,0.1,3.6,0.2,3.1,0.3,0.0278,0.0428,0.0363,100,0.003,0.0051,0.0032,0.0113,0.3343,0.3456,0.7,0.96,1.015,0.8916666667,32.298,32.298,34.973,233.33,188.24,317.19,246.25,107.9137,119.1589,88.1543,105.0756,0.0087,101.2,126.8,4.5,281.78,0.79,
6,3/6/2012,LACA,6,95,80,70,4398.23,NA,NA,3.5,0.2,3.2,0.3,3.3,0.3,0.0342,0.044,0.0441,100,0.0032,0.0058,0.005,0.014,0.5493,0.5633,0.739,1.007,0.849,0.865,47.275,47.275,49.87,230.94,173.62,169.8,191.45,93.5673,131.8182,113.3787,112.9214,0.0113,88.53,NA,NA,NA,0.79,
7,3/6/2012,LACA,7,100,104,92,7514.69,NA,NA,4.3,0.1,4.4,0.3,3.6,0.3,0.0341,0.0482,0.0339,100,0.0038,0.0058,0.0038,0.0134,0.581,0.5944,0.846,1.405,1.019,1.09,67.967,67.967,71.237,222.63,242.24,268.16,244.34,111.437,120.332,112.0944,114.6211,0.0095,119.85,NA,NA,NA,0.98,
8,3/6/2012,LACA,8,97,128,89,8947.26,NA,NA,5.7,0.1,4.3,0.3,3.9,0.2,0.0462,0.0493,0.0377,100,0.0055,0.0075,0.0052,0.0182,0.6355,0.6537,0.985,1.343,1.163,1.1636666667,59.082,59.082,62.573,179.09,179.07,223.65,193.94,119.0476,152.1298,137.931,136.3695,0.007,95.72,NA,NA,NA,1.12,
9,3/6/2012,LACA,9,110,140,100,10995.57,NA,NA,4.2,0.2,4.2,0.4,3.6,0.3,0.0411,0.0607,0.0428,100,0.0041,0.007,0.0054,0.0165,0.7237,0.7402,0.966,1.499,1.041,1.1686666667,67.413,67.413,70.919,235.61,214.14,192.78,214.18,99.7567,115.3213,126.1682,113.7487,0.0064,95.81,NA,NA,NA,1.09,
10,3/6/2012,LACA,10,100,70,60,3298.67,NA,NA,3.4,0.2,4.8,0.4,3.8,0.5,0.0288,0.0704,0.0658,100,0.0036,0.0086,0.0092,0.0214,0.4617,0.4831,0.883,1.659,1.604,1.382,48.5,48.5,52.646,245.28,192.91,174.35,204.18,125,122.1591,139.8176,128.9922,0.016,108.98,NA,NA,NA,0.65,
11,3/6/2012,LACA,11,110,60,40,1884.96,NA,NA,3,0.2,3.8,0.3,3,0.3,0.0259,0.0524,0.0344,100,0.004,0.0082,0.0056,0.0178,0.4381,0.4559,0.716,1.301,0.914,0.977,39.313,39.313,42.244,179,158.66,163.21,166.96,154.4402,156.4885,162.7907,157.9065,0.0224,92.66,NA,NA,NA,0.45,
12,3/6/2012,LACA,12,85,110,100,8639.38,NA,NA,4.9,0.2,4.8,0.3,3.6,0.3,0.0583,0.0783,0.0481,100,0.0061,0.009,0.005,0.0201,0.6704,0.6905,1.109,1.65,0.991,1.25,69.934,69.934,73.684,181.8,183.33,198.2,187.78,104.6312,114.9425,103.9501,107.8413,0.0085,106.71,NA,NA,NA,1.24,
13,3/6/2012,LACA,13,120,70,60,3298.67,NA,NA,5,0.3,5.9,0.4,4,0.4,0.0674,0.1077,0.0625,100,0.0073,0.0116,0.0091,0.028,0.441,0.469,1.613,2.142,1.598,1.7843333333,42.66,42.66,48.013,220.96,184.66,175.6,193.74,108.3086,107.7066,145.6,120.5384,0.0146,102.37,NA,NA,NA,0.54,
14,3/6/2012,LACA,14,105,65,50,2552.54,NA,NA,5.1,0.2,6.2,0.4,4.7,0.3,0.0538,0.1075,0.0499,100,0.0055,0.0115,0.0053,0.0223,0.4446,0.4669,1.133,2.301,1.426,1.62,53.128,53.128,57.988,206,200.09,269.06,225.05,102.2305,106.9767,106.2124,105.1399,0.0227,124.2,NA,NA,NA,0.55,
15,3/6/2012,LACA,15,80,40,50,1570.8,NA,NA,5.7,0.2,5.4,0.3,3.5,0.2,0.0648,0.0675,0.0304,100,0.008,0.01,0.0055,0.0235,0.2682,0.2917,1.525,1.54,0.841,1.302,27.696,27.696,31.602,190.63,154,152.91,165.84,123.4568,148.1481,180.9211,150.842,0.0201,108.34,NA,NA,NA,0.56,
16,3/7/2012,LACA,16,NA,NA,NA,NA,10,10,NA,NA,NA,NA,NA,NA,NA,NA,NA,NA,NA,NA,NA,0,NA,NA,NA,NA,NA,NA,NA,NA,NA,NA,NA,NA,NA,NA,NA,NA,NA,NA,NA,149.8,5.5,272.36,NA,just root core- taken to increase root N to 8
17,3/7/2012,LACA,17,NA,NA,NA,NA,10,10,NA,NA,NA,NA,NA,NA,NA,NA,NA,NA,NA,NA,NA,0,NA,NA,NA,NA,NA,NA,NA,NA,NA,NA,NA,NA,NA,NA,NA,NA,NA,NA,NA,301.17,12.8,235.29,NA,just root core- taken to increase root N to 8
18,3/7/2012,LACA,18,NA,NA,NA,NA,10,10,NA,NA,NA,NA,NA,NA,NA,NA,NA,NA,NA,NA,NA,0,NA,NA,NA,NA,NA,NA,NA,NA,NA,NA,NA,NA,NA,NA,NA,NA,NA,NA,NA,85.11,4.1,207.59,NA,just root core- taken to increase root N to 8
19,3/6/2012,PLER,1,80,80,70,4398.23,10,10,6.5,0.3,7.4,0.5,8.2,0.5,0.0682,0.0978,0.1123,100,0.0128,0.0169,0.0192,0.0489,0.3538,0.4027,1.877,2.61,2.791,2.426,38.416,38.416,45.694,146.64,154.44,145.36,148.81,187.6833,172.8016,170.9706,177.1518,0.0104,113.47,183.77,13,141.36,0.94,
20,3/6/2012,PLER,2,100,110,130,11231.19,10,10,5.5,0.3,7,0.4,10.4,0.5,0.053,0.0947,0.1638,100,0.0097,0.0171,0.0357,0.0625,2.1709,2.2334,1.31,2.13,3.576,2.3386666667,192.959,192.959,199.975,135.05,124.56,100.17,119.93,183.0189,180.5702,217.9487,193.8459,0.0178,89.54,73.3,7.3,100.41,1.2,
21,3/6/2012,PLER,3,100,80,70,4398.23,10,10,6.1,0.3,8.8,0.4,8.9,0.4,0.0625,0.0989,0.1061,100,0.0104,0.0194,0.0195,0.0493,0.5034,0.5527,1.691,2.825,3.134,2.55,53.068,53.068,60.718,162.6,145.62,160.72,156.31,166.4,196.1577,183.7889,182.1155,0.0138,109.86,75.95,4.4,172.61,0.75,
22,3/6/2012,PLER,4,130,90,70,4948.01,10,10,8.7,0.5,15.6,0.6,15.8,0.6,0.1454,0.3051,0.367,100,0.0207,0.0487,0.0608,0.1302,1.2312,1.3614,3.405,5.852,6.566,5.2743333333,103.508,103.508,119.331,164.49,120.16,107.99,130.88,142.3659,159.6198,165.6676,155.8844,0.0241,87.65,61.86,6.3,98.19,0.62,
23,3/6/2012,PLER,5,90,70,65,3573.56,10,10,6.4,0.2,7.5,0.2,9.1,0.4,0.0546,0.0661,0.109,100,0.0088,0.011,0.0163,0.0361,0.3006,0.3367,1.235,1.607,2.719,1.8536666667,38.079,38.079,43.64,140.34,146.09,166.81,151.08,161.1722,166.4145,149.5413,159.0427,0.0122,129.61,98.99,6.3,157.13,0.75,
24,3/6/2012,PLER,6,76,93,85,6208.57,NA,NA,3.4,0.1,7.3,0.3,8.4,0.5,0.02,0.0781,0.1306,100,0.0036,0.011,0.0211,0.0357,0.293,0.3287,0.561,1.768,3.142,1.8236666667,30.989,30.989,36.46,155.83,160.73,148.91,155.16,180,140.8451,161.562,160.8024,0.0059,110.92,NA,NA,NA,1.17,
25,3/6/2012,PLER,7,116,135,115,12193.31,NA,NA,7.5,0.4,9.4,0.4,11.1,0.6,0.1099,0.0987,0.1936,100,0.017,0.0163,0.0328,0.0661,1.3956,1.4617,2.262,2.319,4.346,2.9756666667,111.873,111.873,120.8,133.06,142.27,132.5,135.94,154.6861,165.1469,169.4215,163.0848,0.0099,82.64,NA,NA,NA,1.08,
26,3/6/2012,PLER,8,90,94,76,5610.88,NA,NA,8.1,0.5,8.7,0.5,8.9,0.4,0.1107,0.1308,0.1243,100,0.022,0.0275,0.0256,0.0751,0.3342,0.4093,2.851,3.127,3.051,3.0096666667,27.435,27.435,36.464,129.59,113.71,119.18,120.83,198.7353,210.2446,205.9533,204.9778,0.0065,89.09,NA,NA,NA,0.94,
27,3/6/2012,PLER,9,81,75,68,4005.53,NA,NA,4.2,0.2,8.1,0.5,7.9,0.5,0.0232,0.0988,0.0925,100,0.0049,0.0206,0.0171,0.0426,0.3811,0.4237,0.759,2.549,2.739,2.0156666667,27.001,27.001,33.048,154.9,123.74,160.18,146.27,211.2069,208.502,184.8649,201.5246,0.0083,78,NA,NA,NA,0.88,
28,3/6/2012,PLER,10,120,150,127,14961.84,NA,NA,4.5,0.2,9.5,0.4,11.1,0.5,0.03,0.0936,0.1269,100,0.0048,0.0156,0.0205,0.0409,2.36,2.4009,0.86,2.738,3.455,2.351,246.054,246.054,253.107,179.17,175.51,168.54,174.41,160,166.6667,161.5445,162.7371,0.0169,105.42,NA,NA,NA,1.15,
29,3/6/2012,PLER,11,113,155,147,17895.3,NA,NA,6.6,0.2,9.8,0.4,9.6,0.4,0.0361,0.1458,0.1151,100,0.0061,0.026,0.0183,0.0504,1.4938,1.5442,1.034,3.409,2.887,2.4433333333,155.281,155.281,162.611,169.51,131.12,157.76,152.79,168.9751,178.3265,158.9922,168.7646,0.0091,105.3,NA,NA,NA,1.34,
30,3/6/2012,PLER,12,140,140,147,16163.49,NA,NA,7.5,0.3,12.7,0.4,13.6,0.4,0.0811,0.1535,0.1554,100,0.0121,0.0259,0.0274,0.0654,1.2921,1.3575,1.944,3.277,3.673,2.9646666667,137.484,137.484,146.378,160.66,126.53,134.05,140.41,149.1985,168.7296,176.3192,164.7491,0.0091,107.83,NA,NA,NA,1.03,
31,3/6/2012,PLER,13,125,110,92,7948.23,NA,NA,6.1,0.1,8.8,0.4,9.7,0.5,0.0352,0.1091,0.1369,100,0.0053,0.0181,0.0246,0.048,0.8547,0.9027,0.974,2.635,3.306,2.305,91.068,91.068,97.983,183.77,145.58,134.39,154.58,150.5682,165.9028,179.6932,165.3881,0.0123,108.54,NA,NA,NA,0.81,
32,3/6/2012,PLER,14,105,130,108,11026.99,NA,NA,6.2,0.2,9.8,0.3,9.5,0.4,0.0581,0.1268,0.1267,100,0.0099,0.0232,0.0226,0.0557,0.4814,0.5371,1.529,2.783,2.962,2.4246666667,49.136,49.136,56.41,154.44,119.96,131.06,135.15,170.3959,182.9653,178.3741,177.2451,0.0051,105.03,NA,NA,NA,1.13,
33,3/6/2012,PLER,15,85,136,100,10681.42,NA,NA,6.6,0.3,8.9,0.4,8.5,0.4,0.0572,0.1081,0.105,100,0.0103,0.0201,0.0216,0.052,0.485,0.537,1.539,2.648,2.653,2.28,41.201,41.201,48.041,149.42,131.74,122.82,134.66,180.0699,185.9389,205.7143,190.5744,0.0045,89.46,NA,NA,NA,1.39,
34,3/7/2012,PLER,16,NA,NA,NA,NA,10,10,NA,NA,NA,NA,NA,NA,NA,NA,NA,NA,NA,NA,NA,0,NA,NA,NA,NA,NA,NA,NA,NA,NA,NA,NA,NA,NA,NA,NA,NA,NA,NA,NA,95.7,6,159.5,NA,just root core- taken to increase root N to 8
35,3/7/2012,PLER,17,NA,NA,NA,NA,10,10,NA,NA,NA,NA,NA,NA,NA,NA,NA,NA,NA,NA,NA,0,NA,NA,NA,NA,NA,NA,NA,NA,NA,NA,NA,NA,NA,NA,NA,NA,NA,NA,NA,97.52,9.4,103.74,NA,just root core- taken to increase root N to 8
36,3/7/2012,PLER,18,NA,NA,NA,NA,10,10,NA,NA,NA,NA,NA,NA,NA,NA,NA,NA,NA,NA,NA,0,NA,NA,NA,NA,NA,NA,NA,NA,NA,NA,NA,NA,NA,NA,NA,NA,NA,NA,NA,60.45,4,151.13,NA,just root core- taken to increase root N to 8
37,4/10/2012,SACA,1,12,19.5,15,229.73,10,10,10.9,3.7,8.6,3.6,7.9,3,0.6944,0.5298,0.3717,100,0.1066,0.0749,0.0535,0.235,1.0454,1.2804,12.205,11.349,8.589,10.7143333333,89.397,89.397,121.54,114.49,151.52,160.54,142.19,153.5138,141.3741,143.9333,146.2737,0.5291,94.92,261.53,15.9,164.48,1.44,
38,4/10/2012,SACA,2,21,27,26,551.35,10,10,15.8,6.1,8.7,4,5.9,4.2,1.5165,0.6933,0.4406,100,0.2184,0.1176,0.0679,0.4039,8.0226,8.4265,25.934,12.384,9.551,15.9563333333,866.125,866.125,913.994,118.75,105.31,140.66,121.57,144.0158,169.6235,154.108,155.9158,1.6577,108.47,164.81,12.8,128.76,1.26,
39,4/10/2012,SACA,3,21,22,17,293.74,10,10,11.4,4.2,6.1,2.3,6.4,2.2,0.7262,0.2124,0.2258,100,0.116,0.0397,0.036,0.1917,1.7767,1.9684,14.825,5.717,5.24,8.594,131.094,131.094,156.876,127.8,144.01,145.56,139.12,159.7356,186.9115,159.4331,168.6934,0.5341,79.7,1004.31,38.8,258.84,0.93,
40,4/10/2012,SACA,4,20,19,16,238.76,NA,NA,10,4.2,8.7,7.2,7,2.8,0.5878,0.3951,0.2914,100,0.1059,0.0608,0.0557,0.2224,0.8694,1.0918,13.108,8.021,7.643,9.5906666667,67.685,67.685,96.457,123.78,131.92,137.22,130.97,180.1633,153.8851,191.1462,175.0649,0.404,88.35,NA,NA,NA,0.88,missed tap root in sample- not done- added P16 core to replace
41,4/10/2012,SACA,5,5,23,24,433.54,10,10,12.1,7,6.2,7.6,4.8,2,0.2932,0.3577,0.2303,100,0.1773,0.0523,0.0343,0.2639,0.8041,1.068,24.045,7.698,5.001,12.248,90.067,90.067,126.811,135.62,147.19,145.8,142.87,604.7067,146.2119,148.9362,299.9516,0.2925,118.74,21.6,1.2,180,4.7,
42,4/10/2012,SACA,6,9,15,20,235.62,10,10,13.4,4.5,7.5,2.2,4.1,1.8,1.0197,0.322,0.1631,100,0.1685,0.0534,0.0305,0.2524,0.9933,1.2457,19.865,7.076,3.887,10.276,87.508,87.508,118.336,117.89,132.51,127.44,125.95,165.2447,165.8385,187.0018,172.695,0.5022,95,363.6,16.6,219.04,1.94,
43,4/10/2012,SACA,7,8,22,18,311.02,10,10,11.6,4.8,7.6,2.1,4.5,1.6,0.844,0.3068,0.1639,100,0.1541,0.0577,0.0332,0.245,1.1176,1.3626,17.157,6.568,3.575,9.1,91.283,91.283,118.583,111.34,113.83,107.68,110.95,182.5829,188.0704,202.5625,191.072,0.3813,87.03,763.71,32.5,234.99,2.5,
44,4/10/2012,SACA,8,16,27,25,530.14,10,10,14.1,5.8,8.7,3.6,7.3,2.8,1.1873,0.4837,0.3204,100,0.1673,0.0797,0.0505,0.2975,3.1466,3.4441,24.076,10.642,7.217,13.9783333333,293.807,293.807,335.742,143.91,133.53,142.91,140.12,140.9079,164.7716,157.6155,154.4317,0.6333,97.48,324.85,20.6,157.69,1.63,
45,4/10/2012,SACA,9,19,22,18,311.02,NA,NA,12.7,5.4,10,5,8.8,3.7,1.0767,0.6582,0.4147,100,0.1786,0.1093,0.0733,0.3612,2.0581,2.4193,18.85,14.349,9.253,14.1506666667,126.638,126.638,169.09,105.54,131.28,126.23,121.02,165.8772,166.0589,176.7543,169.5635,0.5437,69.89,NA,NA,NA,1.05,
46,4/10/2012,SACA,10,16,26,22,449.25,NA,NA,13.6,6.2,11.9,6,8.2,3.2,1.4268,1.2842,0.507,100,0.2423,0.2733,0.0975,0.6131,2.3955,3.0086,24.394,24.739,10.027,19.72,168.089,168.089,227.249,100.68,90.52,102.84,98.01,169.8206,212.8173,192.3077,191.6485,0.5058,75.53,NA,NA,NA,1.5,
47,4/10/2012,SACA,11,16,24,16,301.59,NA,NA,12.1,5.9,7.3,4.8,7.8,4.1,1.1541,0.5529,0.5217,100,0.1286,0.0645,0.0695,0.2626,1.5839,1.8465,21.737,13.041,13.032,15.9366666667,166.811,166.811,214.621,169.03,202.19,187.51,186.24,111.4288,116.6576,133.2183,120.4349,0.7116,116.23,NA,NA,NA,1.25,
48,4/10/2012,SACA,12,13,23,19,343.22,NA,NA,17.2,6.8,10.2,3.4,6.8,2.6,2.043,0.5266,0.3423,100,0.254,0.069,0.0505,0.3735,1.1243,1.4978,39.909,12.55,8.505,20.3213333333,116.686,116.686,177.65,157.12,181.88,168.42,169.14,124.327,131.0292,147.5314,134.2959,0.5176,118.61,NA,NA,NA,1.62,
49,4/10/2012,SACA,13,9,28,27,593.76,NA,NA,16.4,7.7,9.8,4.2,8.1,3.5,2.8752,0.8647,0.5586,100,0.4699,0.1349,0.0827,0.6875,4.2244,4.9119,50.908,16.147,11.792,26.2823333333,431.992,431.992,510.839,108.34,119.7,142.59,123.54,163.4321,156.0079,148.0487,155.8296,0.8603,104,NA,NA,NA,3.06,
50,4/10/2012,SACA,14,25,23,19,343.22,NA,NA,12,5.7,9.4,4.7,7.4,4,1.3564,0.916,0.6005,100,0.2616,0.1614,0.1036,0.5266,5.4316,5.9582,20.67,17.79,11.389,16.6163333333,376.178,376.178,426.027,79.01,110.22,109.93,99.72,192.8635,176.2009,172.5229,180.5291,1.2413,71.5,NA,NA,NA,0.84,
51,4/10/2012,SACA,15,21,17,13,173.57,NA,NA,9.6,2.6,8.1,3,7.4,2.8,0.3363,0.3212,0.2887,100,0.0563,0.0607,0.0525,0.1695,1.5803,1.7498,8.028,7.632,6.782,7.4806666667,113.481,113.481,135.923,142.59,125.73,129.18,132.5,167.4101,188.9788,181.8497,179.4129,0.7831,77.68,NA,NA,NA,0.71,
52,4/10/2012,AMME,1,11,11,9,77.75,10,10,8,0.7,5.6,0.9,3.9,0.9,0.1872,0.1487,0.0828,100,0.0264,0.0238,0.0151,0.0653,0.3465,0.4118,4.376,4.154,2.551,3.6936666667,35.932,35.932,47.013,165.76,174.54,168.94,169.75,141.0256,160.0538,182.3671,161.1489,0.6046,114.16,424.58,15.7,270.43,0.91,
53,4/10/2012,AMME,2,21,7,7,38.48,10,10,3.5,0.3,3.2,0.5,3.1,0.4,0.0351,0.0424,0.0417,100,0.0051,0.0062,0.0085,0.0198,0.4564,0.4762,1.12,1.514,1.449,1.361,23.777,23.777,27.86,219.61,244.19,170.47,211.42,145.2991,146.2264,203.8369,165.1208,0.7239,58.5,1239.48,38,326.18,0.33,
54,4/10/2012,AMME,3,36,10,6,47.12,10,10,4.1,0.7,3.3,0.8,2,0.8,0.0919,0.0683,0.0332,100,0.0127,0.0096,0.006,0.0283,1.5159,1.5442,2.414,2.081,1.035,1.8433333333,46.432,46.432,51.962,190.08,216.77,172.5,193.12,138.1937,140.5564,180.7229,153.1576,1.1027,33.65,1072.96,43.8,244.97,0.22,
55,4/10/2012,AMME,4,32,8,8,50.27,10,10,3.9,1.1,3.3,0.8,2.1,1,0.0995,0.0653,0.0424,100,0.0141,0.0103,0.0078,0.0322,1.2607,1.2929,2.959,2.09,1.368,2.139,42.656,42.656,49.073,209.86,202.91,175.38,196.05,141.7085,157.7335,183.9623,161.1348,0.9763,37.96,860.44,54.7,157.3,0.25,
56,4/10/2012,AMME,5,29,26,15,306.31,10,10,9.7,1.1,6,1.6,4.9,2,0.4702,0.347,0.3183,100,0.0633,0.0462,0.0468,0.1563,2.1881,2.3444,8.226,7.182,6.765,7.391,148.484,148.484,170.657,129.95,155.45,144.55,143.32,134.6236,133.1412,147.0311,138.2653,0.5571,72.79,879.18,47.4,185.48,0.71,
57,4/10/2012,AMME,6,19,8,8,50.27,10,10,5.1,0.4,5.7,0.9,2.9,1.2,0.1073,0.1827,0.0965,100,0.0109,0.02,0.0153,0.0462,0.5811,0.6273,2.351,4.828,2.624,3.2676666667,52.184,52.184,61.987,215.69,241.4,171.5,209.53,101.5843,109.4691,158.5492,123.2009,1.2332,98.82,1004.72,43,233.66,0.42,
58,4/10/2012,AMME,7,27,9,7,49.48,10,10,3.4,1,2.9,0.7,2.7,1.1,0.0958,0.0542,0.0575,100,0.0189,0.0101,0.0109,0.0399,0.9499,0.9898,2.857,1.643,1.921,2.1403333333,46.05,46.05,52.471,151.16,162.67,176.24,163.36,197.286,186.3469,189.5652,191.066,1.0604,53.01,224.86,11.3,198.99,0.3,
59,4/10/2012,AMME,8,22,7,7,38.48,10,10,3.8,0.4,3.5,0.7,2.6,0.7,0.0615,0.0722,0.0602,100,0.0078,0.0095,0.009,0.0263,0.4647,0.491,1.662,2.061,1.782,1.835,27.229,27.229,32.734,213.08,216.95,198,209.34,126.8293,131.5789,149.5017,135.97,0.8506,66.67,528.86,39.3,134.57,0.32,
60,4/10/2012,AMME,9,15,9,7,49.48,NA,NA,4.9,0.7,4.8,0.7,4,0.8,0.093,0.1026,0.0853,100,0.012,0.0146,0.0133,0.0399,0.2489,0.2888,2.851,3.203,2.847,2.967,15.619,15.619,24.52,237.58,219.38,214.06,223.68,129.0323,142.3002,155.9203,142.4176,0.4956,84.9,NA,NA,NA,0.53,
61,4/10/2012,AMME,10,23,7,7,38.48,NA,NA,8.8,0.8,5.2,0.8,2.5,1.1,0.2805,0.1289,0.0531,100,0.0281,0.0182,0.0101,0.0564,3.0677,3.1241,5.887,3.602,1.697,3.7286666667,122.634,122.634,133.82,209.5,197.91,168.02,191.81,100.1783,141.1947,190.2072,143.86,3.4772,42.83,NA,NA,NA,0.3,
62,4/10/2012,AMME,11,38,14,13,142.94,NA,NA,4.1,0.6,3.2,0.5,2.1,0.8,0.086,0.0545,0.0501,100,0.0082,0.0071,0.0073,0.0226,0.4615,0.4841,2.375,1.689,1.686,1.9166666667,16.505,16.505,22.255,289.63,237.89,230.96,252.83,95.3488,130.2752,145.7086,123.7775,0.1557,45.97,NA,NA,NA,0.36,
63,4/10/2012,AMME,12,24,6,6,28.27,NA,NA,2,0.6,1.9,0.6,1.6,0.5,0.0214,0.0266,0.0156,100,0.0047,0.0028,0.0035,0.011,0.585,0.596,0.907,0.801,0.641,0.783,2.803,2.803,5.152,192.98,286.07,183.14,220.73,219.6262,105.2632,224.359,183.0828,0.1822,8.64,NA,NA,NA,0.25,
64,4/10/2012,AMME,13,19,4,3,9.42,NA,NA,3.8,0.4,2.5,0.3,2.1,0.5,0.0412,0.0212,0.0253,100,0.0051,0.0025,0.0042,0.0118,0.2754,0.2872,1.409,0.785,0.821,1.005,5.819,5.819,8.834,276.27,314,195.48,261.92,123.7864,117.9245,166.0079,135.9063,0.9373,30.76,NA,NA,NA,0.18,
65,4/10/2012,AMME,14,27,4,2,6.28,NA,NA,3.5,0.6,2.9,0.8,1.6,0.6,0.0553,0.0544,0.0145,100,0.0088,0.009,0.0026,0.0204,0.4793,0.4997,1.98,1.897,0.657,1.5113333333,4.729,4.729,9.263,225,210.78,252.69,229.49,159.132,165.4412,179.3103,167.9612,1.4743,18.54,NA,NA,NA,0.11,
66,4/10/2012,AMME,15,24,5,5,19.63,NA,NA,4.1,1.1,3.1,1.2,3.1,1.2,0.1075,0.0903,0.0845,100,0.0169,0.0165,0.0142,0.0476,0.6626,0.7102,3.193,2.701,2.733,2.8756666667,38.359,38.359,46.986,188.93,163.7,192.46,181.7,157.2093,182.7243,168.0473,169.327,2.393,66.16,NA,NA,NA,0.21,
67,4/12/2012,SACA,16,NA,NA,NA,NA,10,10,NA,NA,NA,NA,NA,NA,NA,NA,NA,NA,NA,NA,NA,0,NA,NA,NA,NA,NA,NA,NA,NA,NA,NA,NA,NA,NA,NA,NA,NA,NA,NA,NA,587.17,26.7,219.91,NA,just root core- taken to replace missing core for SACA plant 4
68,4/12/2012,LOWR,1,2,9,4,28.27,10,10,0.5,0.5,0.7,0.3,0.9,0.5,0.0108,0.0115,0.0167,100,0.0018,0.0024,0.0029,0.0071,0.23,0.2371,0.219,0.251,0.383,0.2843333333,28.93,28.93,29.783,121.67,104.58,132.07,119.44,166.6667,208.6957,173.6527,183.005,1.0534,125.61,263.32,8.3,317.25,3.25,leaflet sampled
69,4/12/2012,LOWR,2,9,9,4,28.27,10,10,0.5,0.4,0.8,0.5,0.9,0.5,0.0095,0.0256,0.0203,100,0.002,0.0031,0.003,0.0081,0.4856,0.4937,0.207,0.404,0.397,0.336,50.473,50.473,51.481,103.5,130.32,132.33,122.05,210.5263,121.0938,147.7833,159.8011,1.8208,104.28,40.2,4,100.5,0.72,leaflet sampled
70,4/12/2012,LOWR,3,2,14,17,186.92,10,10,0.5,0.4,0.7,0.6,0.7,0.4,0.0103,0.014,0.012,100,0.0014,0.0023,0.0026,0.0063,0.3153,0.3216,0.199,0.344,0.349,0.2973333333,40.599,40.599,41.491,142.14,149.57,134.23,141.98,135.9223,164.2857,216.6667,172.2916,0.222,129.01,146.71,7.7,190.53,7.75,leaflet sampled
71,4/12/2012,LOWR,4,4,8,7,43.98,10,10,0.5,0.4,0.7,0.5,0.9,0.5,0.0122,0.0118,0.0133,100,0.0013,0.0017,0.0026,0.0056,0.1988,0.2044,0.237,0.315,0.362,0.3046666667,20.393,20.393,21.307,182.31,185.29,139.23,168.94,106.5574,144.0678,195.4887,148.7046,0.4844,104.24,337.94,13.1,257.97,1.88,leaflet sampled
72,4/12/2012,LOWR,5,3,8,14,87.96,10,10,0.5,0.4,0.8,0.6,1.1,0.6,0.0063,0.0212,0.0225,100,0.0016,0.0032,0.0043,0.0091,0.6473,0.6564,0.217,0.407,0.566,0.3966666667,66.166,66.166,67.356,135.63,127.19,131.63,131.48,253.9683,150.9434,191.1111,198.6743,0.7657,102.61,547.93,19.6,279.56,3.67,leaflet sampled
73,4/12/2012,LOWR,6,13,14,12,131.95,10,10,0.5,0.4,0.8,0.8,1,0.6,0.0079,0.0272,0.0276,100,0.0017,0.0056,0.0048,0.0121,0.7949,0.807,0.195,0.514,0.562,0.4236666667,65.411,65.411,66.682,114.71,91.79,117.08,107.86,215.1899,205.8824,173.913,198.3284,0.5054,82.63,380.78,21.1,180.46,1,leaflet sampled
74,4/12/2012,LOWR,7,2,18,21,296.88,10,10,0.5,0.5,0.8,0.8,1,0.9,0.0098,0.0166,0.0235,100,0.0017,0.0027,0.0037,0.0081,0.7582,0.7663,0.227,0.429,0.609,0.4216666667,84.219,84.219,85.484,133.53,158.89,164.59,152.34,173.4694,162.6506,157.4468,164.5223,0.2879,111.55,465.11,28.6,162.63,9.75,leaflet sampled
75,4/12/2012,LOWR,8,1,9,9,63.62,10,10,0.5,0.3,0.6,0.4,0.8,0.4,0.0107,0.0124,0.0129,100,0.0022,0.0022,0.0026,0.007,0.2455,0.2525,0.245,0.251,0.324,0.2733333333,31.495,31.495,32.315,111.36,114.09,124.62,116.69,205.6075,177.4194,201.5504,194.8591,0.508,127.98,234.94,16.8,139.85,9,leaflet sampled
76,4/12/2012,LOWR,9,4,15,13,153.15,NA,NA,0.4,0.4,0.8,0.5,0.7,0.5,0.0084,0.0242,0.0094,100,0.0014,0.0043,0.0021,0.0078,0.6301,0.6379,0.139,0.467,0.302,0.3026666667,52.262,52.262,53.17,99.29,108.6,143.81,117.23,166.6667,177.686,223.4043,189.2523,0.3472,83.35,NA,NA,NA,3.5,leaflet sampled
77,4/12/2012,LOWR,10,2,13,6,61.26,NA,NA,0.5,0.4,0.8,0.4,0.7,0.5,0.0066,0.0127,0.0103,100,0.0009,0.0026,0.0021,0.0056,0.4394,0.445,0.179,0.328,0.345,0.284,50.605,50.605,51.457,198.89,126.15,164.29,163.11,136.3636,204.7244,203.8835,181.6572,0.84,115.63,NA,NA,NA,4.75,leaflet sampled
78,4/12/2012,LOWR,11,3,16,16,201.06,NA,NA,0.5,0.3,0.6,0.6,1.2,0.6,0.0098,0.0196,0.0291,100,0.0019,0.0036,0.0047,0.0102,0.5891,0.5993,0.162,0.343,0.59,0.365,66.646,66.646,67.741,85.26,95.28,125.53,102.02,193.8776,183.6735,161.512,179.6877,0.3369,113.03,NA,NA,NA,5.33,leaflet sampled
79,4/12/2012,LOWR,12,4,13,10,102.1,NA,NA,0.6,0.5,0.7,0.5,0.9,0.6,0.0173,0.0185,0.0202,100,0.0038,0.0042,0.0039,0.0119,0.3571,0.369,0.275,0.314,0.417,0.3353333333,35.367,35.367,36.373,72.37,74.76,106.92,84.68,219.6532,227.027,193.0693,213.2498,0.3562,98.57,NA,NA,NA,2.88,leaflet sampled
80,4/12/2012,LOWR,13,3,11,7,60.48,NA,NA,0.7,0.5,0.7,0.5,1.1,0.6,0.0164,0.0169,0.0174,100,0.0019,0.0022,0.0031,0.0072,0.3658,0.373,0.344,0.379,0.516,0.413,45.062,45.062,46.301,181.05,172.27,166.45,173.26,115.8537,130.1775,178.1609,141.3974,0.7656,124.13,NA,NA,NA,3,leaflet sampled
81,4/12/2012,LOWR,14,4,13,8,81.68,NA,NA,0.5,0.5,0.7,0.6,0.8,0.6,0.015,0.0136,0.0175,100,0.0026,0.0021,0.0031,0.0078,0.2903,0.2981,0.307,0.337,0.447,0.3636666667,37.277,37.277,38.368,118.08,160.48,144.19,140.92,173.3333,154.4118,177.1429,168.296,0.4697,128.71,NA,NA,NA,2.63,leaflet sampled
82,4/12/2012,LOWR,15,4,7,5,27.49,NA,NA,0.5,0.3,0.7,0.4,0.6,0.3,0.0082,0.0112,0.008,100,0.0017,0.0028,0.0022,0.0067,0.112,0.1187,0.152,0.232,0.184,0.1893333333,11.437,11.437,12.005,89.41,82.86,83.64,85.3,207.3171,250,275,244.1057,0.4367,101.14,NA,NA,NA,1.5,leaflet sampled
83,4/12/2012,EUPE,1,12,10,9,70.69,10,10,2.6,1,2,1,1.4,1,0.0474,0.0303,0.0185,100,0.0128,0.0092,0.006,0.028,0.814,0.842,2.545,1.817,1.223,1.8616666667,122.866,122.866,128.451,198.83,197.5,203.83,200.05,270.0422,303.6304,324.3243,299.3323,1.8172,152.55,556.46,27,206.1,0.79,
84,4/12/2012,EUPE,2,5,28,18,395.84,10,10,1.4,0.4,1.5,0.6,1.1,0.6,0.0091,0.0101,0.0088,100,0.0029,0.0038,0.0038,0.0105,2.2641,2.2746,0.544,0.822,0.592,0.6526666667,249.484,249.484,251.442,187.59,216.32,155.79,186.56,318.6813,376.2376,431.8182,375.579,0.6352,110.54,949.16,33,287.62,4.6,
85,4/12/2012,EUPE,3,16,20,13,204.2,10,10,2.1,0.6,1.5,0.8,1.4,0.8,0.0232,0.0192,0.0171,33,0.0071,0.0057,0.0064,0.0192,2.1082,2.1274,1.248,1.027,0.968,1.081,67.239,203.7545454545,206.9975454545,175.77,180.18,151.25,169.07,306.0345,296.875,374.269,325.7262,1.0137,97.3,1483.75,48.8,304.05,1.03,
86,4/12/2012,EUPE,4,15,18,11,155.51,10,10,1.5,0.7,1.9,0.6,1.5,0.8,0.0111,0.0164,0.0162,30,0.0031,0.0053,0.0042,0.0126,1.1189,1.1315,0.694,0.985,1.058,0.9123333333,39.229,130.7633333333,133.5003333333,223.87,185.85,251.9,220.54,279.2793,323.1707,259.2593,287.2364,0.8585,117.99,548.9,27.6,198.88,0.97,
87,4/12/2012,EUPE,5,22,27,21,445.32,10,10,3.1,1.1,1.9,0.8,1.3,0.7,0.0524,0.0236,0.0139,15,0.012,0.0069,0.005,0.0239,4.4211,4.445,2.801,1.391,0.878,1.69,94.058,627.0533333333,632.1233333333,233.42,201.59,175.6,203.54,229.0076,292.3729,359.7122,293.6976,1.4195,142.21,208.68,11.7,178.36,1.09,
88,4/12/2012,EUPE,6,21,28,25,549.78,10,10,2,0.7,2.8,1.1,1.8,1.2,0.0228,0.0484,0.0272,25,0.0055,0.0125,0.0072,0.0252,2.7917,2.8169,1.307,2.472,1.41,1.7296666667,89.145,356.58,361.769,237.64,197.76,195.83,210.41,241.2281,258.2645,264.7059,254.7328,0.658,128.43,570.14,22.7,251.16,1.26,
89,4/12/2012,EUPE,7,15,12,10,94.25,10,10,2.2,0.9,2,1.1,1.1,0.9,0.0283,0.0286,0.0116,100,0.007,0.0088,0.0035,0.0193,0.8575,0.8768,1.512,1.687,0.792,1.3303333333,104.063,104.063,108.054,216,191.7,226.29,211.33,247.3498,307.6923,301.7241,285.5888,1.1465,123.24,206.36,9.6,214.96,0.73,
90,4/12/2012,EUPE,8,11,17,4,53.41,10,10,2.5,0.9,2.1,0.9,1.6,0.9,0.0287,0.0322,0.0216,50,0.0071,0.0084,0.0057,0.0212,0.6849,0.7061,1.754,1.793,1.238,1.595,50.342,100.684,105.469,247.04,213.45,217.19,225.9,247.3868,260.8696,263.8889,257.3817,1.9748,149.37,260.47,17.2,151.44,0.95,
91,4/12/2012,EUPE,9,15,15,9,106.03,NA,NA,1.4,0.5,2,0.8,0.4,0.7,0.0113,0.0226,0.0145,33,0.0026,0.0067,0.0048,0.0141,1.2061,1.2202,0.653,1.329,0.923,0.9683333333,41.646,126.2,129.105,251.15,198.36,192.29,213.93,230.0885,296.4602,331.0345,285.8611,1.2176,105.81,NA,NA,NA,0.8,
92,4/12/2012,EUPE,10,18,14,7,76.97,NA,NA,2.4,0.8,1.9,0.8,1.3,0.7,0.0198,0.0202,0.0099,33,0.006,0.0078,0.0037,0.0175,1.7432,1.7607,1.248,1.152,0.675,1.025,36.947,111.9606060606,115.0356060606,208,147.69,182.43,179.37,303.0303,386.1386,373.7374,354.3021,1.4946,65.34,NA,NA,NA,0.58,
93,4/12/2012,EUPE,11,10,7,7,38.48,NA,NA,2.6,0.8,2.8,0.9,1.8,0.9,0.0362,0.0396,0.0236,50,0.0107,0.0113,0.0075,0.0295,0.728,0.7575,1.903,2.007,1.326,1.7453333333,46.749,93.498,98.734,177.85,177.61,176.8,177.42,295.5801,285.3535,317.7966,299.5768,2.5656,130.34,NA,NA,NA,0.7,
94,4/12/2012,EUPE,12,12,19,20,298.45,NA,NA,1.5,0.8,1.2,0.7,1.5,0.7,0.0154,0.0132,0.0118,33,0.0043,0.0042,0.0037,0.0122,1.2744,1.2866,0.94,0.874,0.908,0.9073333333,51.025,154.6212121212,157.3432121212,218.6,208.1,245.41,224.04,279.2208,318.1818,313.5593,303.654,0.5272,122.29,NA,NA,NA,1.63,
95,4/12/2012,EUPE,13,17,30,18,424.12,NA,NA,2.8,1,3,1.1,1.6,0.9,0.0339,0.0504,0.017,16,0.0077,0.0139,0.0048,0.0264,2.4121,2.4385,1.875,2.294,1.115,1.7613333333,64.346,402.1625,407.4465,243.51,165.04,232.29,213.61,227.1386,275.7937,282.3529,261.7617,0.9607,167.09,NA,NA,NA,1.41,
96,4/12/2012,EUPE,14,8,10,5,39.27,NA,NA,1,0.4,1.5,0.7,1.2,0.7,0.0069,0.0149,0.0077,100,0.0016,0.0036,0.0031,0.0083,0.1584,0.1667,0.366,0.83,0.565,0.587,21.891,21.891,23.652,228.75,230.56,182.26,213.85,231.8841,241.6107,402.5974,292.0307,0.6023,141.88,NA,NA,NA,0.94,
97,4/12/2012,EUPE,15,14,18,12,169.65,NA,NA,1.1,0.7,1.1,0.6,0.9,0.7,0.0065,0.0047,0.006,25,0.0026,0.0015,0.0013,0.0054,1.155,1.1604,0.515,0.401,0.463,0.4596666667,31.049,124.196,125.575,198.08,267.33,356.15,273.85,400,319.1489,216.6667,311.9385,0.7402,108.22,NA,NA,NA,1.07,
98,4/16/2012,ERCI,1,2,10,12,94.25,10,10,0.8,0.4,0.8,0.4,1.1,0.6,0.0049,0.0054,0.0088,100,0.0014,0.0017,0.003,0.0061,0.3487,0.3548,0.269,0.321,0.468,0.3526666667,42.683,42.683,43.741,192.14,188.82,156,178.99,285.7143,314.8148,340.9091,313.8127,0.4641,123.28,75.46,3.5,215.6,5.5,"leaflet sampled for SLA, LA was whole leaves"
99,4/16/2012,ERCI,2,8,22,13,224.62,10,10,1.1,0.6,1.2,0.7,1.5,1.1,0.0125,0.0129,0.0145,100,0.0025,0.0029,0.0042,0.0096,0.9772,0.9868,0.554,0.603,0.777,0.6446666667,64.204,64.204,66.138,221.6,207.93,185,204.84,200,224.8062,289.6552,238.1538,0.2944,67.02,198.43,7.3,271.82,2.19,"leaflet sampled for SLA, LA was whole leaves"
100,4/16/2012,ERCI,3,16,29,20,455.53,10,10,1,0.6,1.3,0.9,1.5,1,0.0082,0.0098,0.0088,100,0.0014,0.0021,0.0025,0.006,0.951,0.957,0.503,0.724,0.732,0.653,49.857,49.857,51.816,359.29,344.76,292.8,332.28,170.7317,214.2857,284.0909,223.0361,0.1137,54.14,960.86,33,291.17,1.53,"leaflet sampled for SLA, LA was whole leaves"
101,4/16/2012,ERCI,4,10,7,8,43.98,10,10,0.8,0.5,1,0.5,1.1,0.5,0.005,0.0087,0.006,100,0.0012,0.0022,0.002,0.0054,0.8751,0.8805,0.312,0.462,0.419,0.3976666667,52.542,52.542,53.735,260,210,209.5,226.5,240,252.8736,333.3333,275.4023,1.2217,61.03,2091.7,59.2,353.33,0.75,"leaflet sampled for SLA, LA was whole leaves"
102,4/16/2012,ERCI,5,9,14,3,32.99,10,10,0.8,0.5,0.9,0.4,0.8,0.5,0.005,0.0037,0.0048,100,0.0007,0.0006,0.0011,0.0024,0.2791,0.2815,0.245,0.209,0.291,0.2483333333,19.958,19.958,20.703,350,348.33,264.55,320.96,140,162.1622,229.1667,177.1096,0.6276,73.55,920.84,23.2,396.91,0.94,"leaflet sampled for SLA, LA was whole leaves"
103,4/16/2012,ERCI,6,18,26,25,510.51,10,10,1.5,0.7,1.4,0.6,1.1,0.6,0.016,0.0091,0.0095,100,0.003,0.0022,0.0023,0.0075,1.9853,1.9928,0.835,0.56,0.585,0.66,105.428,105.428,107.408,278.33,254.55,254.35,262.41,187.5,241.7582,242.1053,223.7878,0.2104,53.9,583.38,21.7,268.84,1.42,"leaflet sampled for SLA, LA was whole leaves"
104,4/16/2012,ERCI,7,7,28,22,483.81,10,10,1.1,0.7,1,0.6,1.2,0.9,0.0074,0.0079,0.0146,100,0.0027,0.0019,0.003,0.0076,2.5044,2.512,0.426,0.426,0.736,0.5293333333,157.607,157.607,159.195,157.78,224.21,245.33,209.11,364.8649,240.5063,205.4795,270.2835,0.329,63.37,808.28,20.2,400.14,3.57,"leaflet sampled for SLA, LA was whole leaves"
105,4/16/2012,ERCI,8,13,18,9,127.23,10,10,0.7,0.4,0.8,0.5,0.9,0.5,0.0042,0.0039,0.0039,100,0.0013,0.0007,0.0011,0.0031,0.1775,0.1806,0.285,0.346,0.361,0.3306666667,16.826,16.826,17.818,219.23,494.29,328.18,347.23,309.5238,179.4872,282.0513,257.0208,0.14,98.66,1301.36,50.1,259.75,1.04,"leaflet sampled for SLA, LA was whole leaves"
106,4/16/2012,ERCI,9,7,4,3,9.42,NA,NA,0.9,0.6,NA,NA,NA,NA,0.0043,NA,NA,100,0.0007,NA,NA,0.0007,0.0354,0.0361,0.328,NA,NA,0.328,2.255,2.255,NA,468.57,NA,NA,468.57,162.7907,NA,NA,162.7907,NA,NA,NA,NA,NA,0.5,"leaflet sampled for SLA, LA was whole leaves, not enough for L1 and L2"
107,4/16/2012,ERCI,10,9,11,6,51.84,NA,NA,0.7,0.5,0.8,0.4,0.8,0.5,0.0048,0.003,0.0045,100,0.0015,0.0012,0.0015,0.0042,0.2216,0.2258,0.247,0.232,0.282,0.2536666667,17.798,17.798,18.559,164.67,193.33,188,182,312.5,400,333.3333,348.6111,0.358,82.19,NA,NA,NA,0.94,"leaflet sampled for SLA, LA was whole leaves"
108,4/16/2012,ERCI,11,6,6,4,18.85,NA,NA,0.5,0.3,0.5,0.3,0.5,0.3,0.0025,0.0015,0.0014,100,0.0006,0.0003,0.0009,0.0018,0.066,0.0678,0.164,0.144,0.135,0.1476666667,6.557,6.557,7,273.33,480,150,301.11,240,200,642.8571,360.9524,0.3714,103.24,NA,NA,NA,0.83,"leaflet sampled for SLA, LA was whole leaves"
109,4/16/2012,ERCI,12,4,14,9,98.96,NA,NA,0.7,0.4,0.9,0.5,1.1,0.6,0.0068,0.0101,0.0133,100,0.002,0.0036,0.0027,0.0083,0.651,0.6593,0.321,0.469,0.592,0.4606666667,71.954,71.954,73.336,160.5,130.28,219.26,170.01,294.1176,356.4356,203.0075,284.5203,0.7411,111.23,NA,NA,NA,2.88,"leaflet sampled for SLA, LA was whole leaves"
110,4/16/2012,ERCI,13,4,9,8,56.55,NA,NA,1,0.6,0.9,0.6,0.7,0.5,0.0079,0.0092,0.0036,100,0.0016,0.003,0.0008,0.0054,0.1978,0.2032,0.422,0.43,0.201,0.351,27.682,27.682,28.735,263.75,143.33,251.25,219.44,202.5316,326.087,222.2222,250.2803,0.5081,141.41,NA,NA,NA,2.13,"leaflet sampled for SLA, LA was whole leaves"
111,4/16/2012,ERCI,14,16,34,22,587.48,NA,NA,1.2,0.8,1.3,0.7,1.2,0.8,0.0152,0.0114,0.01138,100,0.0031,0.0031,0.0045,0.0107,2.7833,2.794,0.633,0.623,0.713,0.6563333333,174.891,174.891,176.86,204.19,200.97,158.44,187.87,203.9474,271.9298,395.4306,290.4359,0.301,63.3,NA,NA,NA,1.75,"leaflet sampled for SLA, LA was whole leaves"
112,4/16/2012,ERCI,15,NA,NA,NA,NA,NA,NA,0.6,0.4,0.7,0.5,0.8,0.4,0.0039,0.0052,0.0056,100,0.0007,0.0016,0.0021,0.0044,0.2697,0.2741,0.234,0.303,0.295,0.2773333333,31.24,31.24,32.072,334.29,189.38,140.48,221.38,179.4872,307.6923,375,287.3932,NA,117.01,NA,NA,NA,NA,"leaflet sampled for SLA, LA was whole leaves- missing height and canopy axis lengths in databook : ("
113,4/16/2012,MEPO,1,2,4,2,6.28,10,10,0.7,0.6,0.7,0.7,0.7,0.7,0.0048,0.0057,0.0063,100,0.0021,0.002,0.0022,0.0063,0.033,0.0393,0.394,0.438,0.39,0.4073333333,3.586,3.586,4.808,187.62,219,177.27,194.63,437.5,350.8772,349.2063,379.1945,0.7652,122.34,529.44,14.3,370.24,1.5,leaflet sampled
114,4/16/2012,MEPO,2,15,38,18,537.21,10,10,1.5,1.1,1.3,1,1.4,1,0.0173,0.0164,0.0153,33,0.0053,0.005,0.0044,0.0147,1.3213,1.336,1.14,1.007,0.966,1.0376666667,42.084,127.5272727273,130.6402727273,215.09,201.4,219.55,212.01,306.3584,304.878,287.5817,299.606,0.2432,97.78,1355.83,43.3,313.12,1.87,leaflet sampled
115,4/16/2012,MEPO,3,4,5,3,11.78,10,10,0.5,0.5,0.5,0.5,0.7,0.8,0.0032,0.0027,0.0035,100,0.001,0.0007,0.0011,0.0028,0.0221,0.0249,0.3,0.23,0.43,0.32,4.119,4.119,5.079,300,328.57,390.91,339.83,312.5,259.2593,314.2857,295.3483,0.4311,203.98,1145.85,25.5,449.35,1,leaflet sampled
116,4/16/2012,MEPO,4,11,20,10,157.08,10,10,0.9,0.9,1.2,0.9,0.9,0.8,0.0121,0.0149,0.0084,100,0.0024,0.0045,0.0026,0.0095,0.5366,0.5461,0.721,0.783,0.605,0.703,58.028,58.028,60.137,300.42,174,232.69,235.7,198.3471,302.0134,309.5238,269.9614,0.3828,110.12,501.64,38.4,130.64,1.36,leaflet sampled
117,4/16/2012,MEPO,5,6,34,14,373.85,10,10,1,0.8,1.1,0.9,1.1,0.7,0.0144,0.0162,0.0127,25,0.003,0.0056,0.0045,0.0131,1.2008,1.2139,0.614,0.867,0.693,0.7246666667,38.934,155.736,157.91,204.67,154.82,154,171.16,208.3333,345.679,354.3307,302.781,0.4224,130.08,475.39,19.8,240.1,4,leaflet sampled
118,4/16/2012,MEPO,6,9,52,22,898.5,10,10,0.7,0.6,1,0.9,1,0.7,0.0061,0.0083,0.01,33,0.0012,0.0024,0.003,0.0066,2.7617,2.7683,0.352,0.599,0.594,0.515,67.496,204.5333333333,206.0783333333,293.33,249.58,198,246.97,196.7213,289.1566,300,261.9593,0.2294,74.44,536.58,21.6,248.42,4.11,leaflet sampled
119,4/16/2012,MEPO,7,5,31,20,486.95,10,10,0.7,0.5,1.3,0.9,1.2,0.8,0.0056,0.0194,0.0169,33,0.0018,0.005,0.004,0.0108,1.5373,1.5481,0.345,0.978,0.839,0.7206666667,39.333,119.1909090909,121.3529090909,191.67,195.6,209.75,199.01,321.4286,257.732,236.6864,271.949,0.2492,78.39,NA,NA,NA,5.1,leaflet sampled- should have no root sample store as there were two root samples in the core- but double check- whichever is missing is replaced by p16
120,4/16/2012,MEPO,8,9,6,4,18.85,10,10,1.1,1,1.2,1,1.2,0.9,0.0073,0.0133,0.0096,100,0.002,0.0039,0.003,0.0089,0.1179,0.1268,0.667,0.842,0.784,0.7643333333,16.777,16.777,19.07,333.5,215.9,261.33,270.24,273.9726,293.2331,312.5,293.2352,1.0117,150.39,417.68,14.4,290.06,0.56,leaflet sampled
121,4/16/2012,MEPO,9,8,18,19,268.61,NA,NA,0.9,0.7,1,0.7,1.1,0.9,0.0086,0.0101,0.0104,100,0.0024,0.0026,0.0025,0.0075,0.3914,0.3989,0.513,0.592,0.695,0.6,31.664,31.664,33.464,213.75,227.69,278,239.81,279.0698,257.4257,240.3846,258.96,0.1246,83.89,NA,NA,NA,2.31,leaflet sampled
122,4/16/2012,MEPO,10,18,62,35,1704.31,NA,NA,0.9,0.8,1.1,0.8,1.5,1,0.0063,0.0175,0.0201,10,0.0016,0.005,0.0062,0.0128,4.2329,4.2457,0.531,0.816,1.114,0.8203333333,40.954,409.54,412.001,331.88,163.2,179.68,224.92,253.9683,285.7143,308.4577,282.7134,0.2417,97.04,NA,NA,NA,2.69,leaflet sampled
123,4/16/2012,MEPO,11,6,7,7,38.48,NA,NA,0.9,0.8,0.7,0.7,0.9,0.8,0.0081,0.0053,0.0057,100,0.0023,0.0016,0.0018,0.0057,0.0875,0.0932,0.616,0.407,0.466,0.4963333333,11.675,11.675,13.164,267.83,254.38,258.89,260.36,283.9506,301.8868,315.7895,300.5423,0.3421,141.24,NA,NA,NA,1.17,leaflet sampled
124,4/16/2012,MEPO,12,6,46,36,1300.62,NA,NA,0.9,0.9,1,0.9,1.3,1,0.0107,0.0143,0.0139,10,0.0028,0.0041,0.0034,0.0103,2.3118,2.3221,0.679,0.853,0.978,0.8366666667,40.531,405.31,407.82,242.5,208.05,287.65,246.07,261.6822,286.7133,244.6043,264.3333,0.3136,175.63,NA,NA,NA,6.83,leaflet sampled
125,4/16/2012,MEPO,13,5,29,27,614.97,NA,NA,0.8,0.7,1.3,0.9,1.2,0.9,0.006,0.018,0.0123,33,0.0014,0.0043,0.0039,0.0096,1.1603,1.1699,0.426,0.873,0.808,0.7023333333,32.868,99.6,101.707,304.29,203.02,207.18,238.16,233.3333,238.8889,317.0732,263.0985,0.1654,86.94,NA,NA,NA,5.6,leaflet sampled
126,4/16/2012,MEPO,14,7,10,7,54.98,NA,NA,0.6,0.4,1.1,0.8,1.2,0.9,0.002,0.01,0.0111,100,0.0006,0.0038,0.0036,0.008,0.0158,0.0238,0.28,0.62,0.829,0.5763333333,12.467,12.467,14.196,466.67,163.16,230.28,286.7,300,380,324.3243,334.7748,0.2582,596.47,NA,NA,NA,1.21,leaflet sampled
127,4/16/2012,MEPO,15,14,28,6,131.95,NA,NA,0.6,0.5,1.2,0.8,1.5,0.9,0.0051,0.0114,0.0152,100,0.0017,0.0046,0.0047,0.011,0.5582,0.5692,0.335,0.796,1.094,0.7416666667,46.877,46.877,49.102,197.06,173.04,232.77,200.96,333.3333,403.5088,309.2105,348.6842,0.3721,86.26,NA,NA,NA,1.21,leaflet sampled
128,4/18/2012,MEPO,16,NA,NA,NA,NA,10,10,NA,NA,NA,NA,NA,NA,NA,NA,NA,NA,NA,NA,NA,0,NA,#VALUE!,NA,NA,NA,NA,NA,NA,NA,NA,NA,NA,NA,NA,NA,NA,NA,NA,NA,312.18,24.1,129.54,NA,root core only to replace double root core for MEPO 7 (check- I think it was this sample- should be missing from stored root samples)
129,4/18/2012,AGRE,1,33,34,23,614.18,10,10,14.6,2.1,14.1,2.2,12,1.1,0.2271,0.2975,0.1671,50,0.0345,0.0416,0.0232,0.0993,2.563,2.6623,6.172,5.621,3.983,5.2586666667,94.165,188.33,204.106,178.9,135.12,171.68,161.9,151.9155,139.8319,138.839,143.5288,0.3323,76.67,1938.94,47.6,407.34,0.86,
130,4/18/2012,AGRE,2,35,20,21,329.87,10,10,14.9,3.2,15,4.1,15.5,2.8,0.4044,0.407,0.4684,10,0.0493,0.0473,0.0564,0.153,7.0939,7.2469,9.881,8.196,10.211,9.4293333333,78.303,783.03,811.318,200.43,173.28,181.05,184.92,121.909,116.2162,120.4099,119.5117,2.4595,111.95,1296.38,50.6,256.2,0.59,
131,4/18/2012,AGRE,3,29,12,11,103.67,10,10,15.4,2.2,18,3.6,14.5,2.1,0.2755,0.3994,0.3206,50,0.0377,0.0566,0.0458,0.1401,1.7541,1.8942,8.025,10.882,8.422,9.1096666667,81.061,162.122,189.451,212.86,192.26,183.89,196.34,136.8421,141.7126,142.8571,140.4706,1.8274,100.02,1068.62,27.3,391.44,0.4,
132,4/18/2012,AGRE,4,42,45,42,1484.4,10,10,22.6,5.7,16,1.8,18.3,2.6,1.0856,0.3653,0.4579,10,0.1252,0.0471,0.0603,0.2326,20.2886,20.5212,20.159,8.271,12.245,13.5583333333,377.87,3778.7,3819.375,161.01,175.61,203.07,179.9,115.3279,128.9351,131.6881,125.3171,2.573,186.12,1012.56,31.8,318.42,1.04,
133,4/18/2012,AGRE,5,45,20,20,314.16,10,10,15.6,2.9,16.4,4.6,14.3,4,0.389,0.4815,0.3964,25,0.0613,0.0675,0.0481,0.1769,4.464,4.6409,8.516,10.522,8.238,9.092,87.226,348.904,376.18,138.92,155.88,171.27,155.36,157.5835,140.1869,121.3421,139.7042,1.1974,81.06,1029.48,33.4,308.23,0.44,
134,4/18/2012,AGRE,6,41,32,28,703.72,10,10,17.2,6.4,13.6,5.7,13,4.6,0.6839,0.7444,0.4736,10,0.0743,0.0866,0.0537,0.2146,10.1774,10.392,15.95,16.55,12.359,14.953,310.262,3102.62,3147.479,214.67,191.11,230.15,211.98,108.6416,116.3353,113.3868,112.7879,4.4727,302.88,778.59,40.5,192.24,0.73,
135,4/18/2012,AGRE,7,37,33,29,751.63,10,10,17.6,5,16.2,4.3,18.6,5.3,0.5901,0.4455,0.6317,20,0.1005,0.07,0.0817,0.2522,14.2008,14.453,10.701,10.191,12.951,11.281,217.513,1087.565,1121.408,106.48,145.59,158.52,136.86,170.3101,157.1268,129.3335,152.2568,1.492,77.59,962.93,29.3,328.65,0.84,
136,4/18/2012,AGRE,8,29,16,9,113.1,10,10,12.6,3.6,15.6,3.2,12.7,2,0.1822,0.2979,0.1853,100,0.0218,0.0357,0.0248,0.0823,0.6491,0.7314,5.052,6.613,4.554,5.4063333333,66.457,66.457,82.676,231.74,185.24,183.63,200.2,119.6487,119.8389,133.837,124.4415,0.731,113.04,319.75,6.7,477.24,0.43,
137,4/18/2012,AGRE,9,47,34,31,827.81,NA,NA,24.2,4.1,16.6,2.7,18.7,3.6,1.1456,0.4693,0.6558,20,0.1224,0.0566,0.0731,0.2521,8.2201,8.4722,24.205,11.516,15.16,16.9603333333,120.269,601.345,652.226,197.75,203.46,207.39,202.87,106.8436,120.6052,111.4669,112.9719,0.7879,76.98,NA,NA,NA,0.69,
138,4/18/2012,AGRE,10,41,33,34,881.22,NA,NA,18.2,5,15.6,2.6,18.4,3,0.6579,0.4938,0.6316,10,0.0717,0.0451,0.0659,0.1827,16.674,16.8567,15.07,9.918,14.336,13.108,229.334,2293.34,2332.664,210.18,219.91,217.54,215.88,108.9831,91.3325,104.3382,101.5513,2.6471,138.38,NA,NA,NA,0.82,
139,4/18/2012,AGRE,11,20,12,12,113.1,NA,NA,17,5.4,15.6,3.2,17.3,4.5,0.5373,0.4077,0.4945,50,0.0735,0.0587,0.0766,0.2088,1.4038,1.6126,8.743,6.813,8.924,8.16,63.37,126.74,151.22,118.95,116.06,116.5,117.17,136.7951,143.9784,154.9039,145.2258,1.3371,93.77,NA,NA,NA,0.6,
140,4/18/2012,AGHE,1,9,18,14,197.92,10,10,8.4,0.6,8,0.7,7,0.5,0.1704,0.2001,0.1251,50,0.0182,0.0198,0.0141,0.0521,0.8823,0.9344,4.533,4.582,3.811,4.3086666667,63.589,127.178,140.104,249.07,231.41,270.28,250.25,106.8075,98.9505,112.7098,106.156,0.7079,149.94,203.88,8.4,242.71,1.78,
141,4/18/2012,AGHE,2,15,37,22,639.31,10,10,7.7,0.5,9.7,0.6,8.6,0.7,0.1063,0.1932,0.1446,10,0.0108,0.0193,0.0144,0.0445,5.2697,5.3142,3.726,6.279,4.933,4.9793333333,88.004,880.04,894.978,345,325.34,342.57,337.64,101.5992,99.8965,99.5851,100.3603,1.3999,168.41,1026.64,27.3,376.06,1.97,
142,4/18/2012,AGHE,3,26,37,18,523.08,10,10,10.5,0.7,7.2,0.4,9.7,0.6,0.254,0.1105,0.1601,25,0.0242,0.0115,0.0167,0.0524,3.5575,3.6099,6.677,3.561,4.831,5.023,102.13,408.52,423.589,275.91,309.65,289.28,291.61,95.2756,104.0724,104.3098,101.2193,0.8098,117.34,1244.94,30.3,410.87,1.06,
143,4/18/2012,AGHE,4,7,23,11,198.71,10,10,7.1,0.3,7.2,0.4,6.6,0.4,0.1107,0.1262,0.0996,50,0.0101,0.0113,0.0094,0.0308,1.6888,1.7196,3.078,3.129,2.826,3.011,102.095,204.19,213.223,304.75,276.9,300.64,294.1,91.2376,89.5404,94.3775,91.7185,1.0731,124,564.9,13,434.54,2.43,
144,4/18/2012,AGHE,5,12,16,18,226.19,10,10,5.6,0.5,5.3,0.4,4,0.3,0.1628,0.0998,0.0535,33,0.0208,0.0143,0.0075,0.0426,2.2795,2.3221,3.691,2.538,1.576,2.6016666667,66.513,201.5545454545,209.3595454545,177.45,177.48,210.13,188.36,127.7641,143.2866,140.1869,137.0792,0.9256,90.16,241.37,12,201.14,1.42,
145,4/18/2012,AGHE,6,8,16,14,175.93,10,10,6,0.5,7.8,0.6,6.5,0.4,0.1234,0.1971,0.1403,100,0.0117,0.021,0.0151,0.0478,0.7456,0.7934,3.318,4.548,3.186,3.684,101.46,101.46,112.512,283.59,216.57,210.99,237.05,94.8136,106.5449,107.6265,102.995,0.6395,141.81,630.82,21.3,296.16,1.88,
146,4/18/2012,AGHE,7,14,15,10,117.81,10,10,8.2,0.6,7.7,0.3,6.7,0.4,0.2618,0.0893,0.108,33,0.0279,0.0102,0.0149,0.053,1.7752,1.8282,6.138,2.782,2.971,3.9636666667,82.515,250.0454545455,261.9364545455,220,272.75,199.4,230.71,106.5699,114.2217,137.963,119.5849,2.2234,143.28,434.75,14.6,297.77,0.89,
147,4/18/2012,AGHE,8,19,41,28,901.64,10,10,7.8,0.3,7.6,0.3,7.8,0.4,0.0913,0.1032,0.082,15,0.0096,0.0092,0.0089,0.0277,14.7542,14.7819,2.679,3.062,2.845,2.862,103.047,686.98,695.566,279.06,332.83,319.66,310.52,105.1479,89.1473,108.5366,100.9439,0.7714,47.06,1114.82,44.8,248.84,1.82,
148,4/18/2012,AGHE,9,10,26,18,367.57,NA,NA,6.2,0.4,5.5,0.3,5,0.3,0.1075,0.0783,0.0568,33,0.0104,0.0099,0.0076,0.0279,4.8556,4.8835,3,2.425,1.91,2.445,168.131,509.4878787879,516.8228787879,288.46,244.95,251.32,261.58,96.7442,126.4368,133.8028,118.9946,1.4061,105.83,NA,NA,NA,2.2,
149,4/18/2012,AGHE,10,24,56,37,1627.34,NA,NA,14.7,1,12.1,0.8,8.7,0.8,1.0866,0.5072,0.2407,20,0.0808,0.0555,0.037,0.1733,10.4562,10.6295,15.982,10.552,5.416,10.65,146.985,734.925,766.875,197.8,190.13,146.38,178.1,74.3604,109.4243,153.7183,112.501,0.4712,72.15,NA,NA,NA,1.94,
150,4/18/2012,AGHE,11,10,15,8,94.25,NA,NA,9.4,0.7,7.2,0.4,5.8,0.3,0.365,0.1211,0.0679,50,0.0348,0.0141,0.0078,0.0567,0.9833,1.04,6.934,3.356,2.057,4.1156666667,57.592,115.184,127.531,199.25,238.01,263.72,233.66,95.3425,116.4327,114.8748,108.8833,1.3531,122.63,NA,NA,NA,1.15,
151,4/18/2012,AGHE,12,15,29,17,387.2,NA,NA,7,0.5,7.2,0.7,5.8,0.4,0.1894,0.1706,0.0844,33,0.0223,0.0194,0.009,0.0507,2.9723,3.023,3.926,4.55,2.434,3.6366666667,81.855,248.0454545455,258.9554545455,176.05,234.54,270.44,227.01,117.7402,113.7163,106.6351,112.6972,0.6688,85.66,NA,NA,NA,1.53,
152,4/18/2012,AGHE,13,18,6,9,42.41,NA,NA,7.8,0.5,7.4,0.3,5.7,0.3,0.1542,0.1222,0.0774,100,0.0162,0.0137,0.0088,0.0387,0.2213,0.26,3.974,3.406,2.35,3.2433333333,25.545,25.545,35.275,245.31,248.61,267.05,253.66,105.0584,112.1113,113.6951,110.2882,0.8317,135.67,NA,NA,NA,0.42,
153,4/18/2012,AGHE,14,14,51,42,1682.32,NA,NA,8,0.6,9.5,0.5,8.1,0.5,0.2172,0.2305,0.1784,25,0.0187,0.0198,0.0181,0.0566,5.8354,5.892,4.871,5.354,4.295,4.84,83.042,332.168,346.688,260.48,270.4,237.29,256.06,86.0958,85.9002,101.4574,91.1511,0.2061,58.84,NA,NA,NA,3.32,
154,4/18/2012,AGHE,15,18,52,34,1388.58,NA,NA,9.1,0.6,9.8,0.7,6.8,0.5,0.3196,0.304,0.1414,10,0.0269,0.028,0.0152,0.0701,7.4966,7.5667,7.072,7.265,3.491,5.9426666667,74.625,746.25,764.078,262.9,259.46,229.67,250.68,84.1677,92.1053,107.4965,94.5898,0.5503,100.98,NA,NA,NA,2.39,
155,4/28/2012,LOPU,1,26,20,14,219.91,10,10,1.2,1,1.6,0.9,1.9,1,0.0249,0.0175,0.027,50,0.0056,0.0057,0.0076,0.0189,1.5618,1.5807,0.978,1.07,1.479,1.1756666667,88.651,177.302,180.829,174.64,187.72,194.61,185.66,224.8996,325.7143,281.4815,277.3651,0.8223,114.4,592.85,22.5,263.49,0.65,
156,4/28/2012,LOPU,2,5,2,2,3.14,10,10,0.7,0.4,0.7,0.4,0.7,0.4,0.0035,0.0033,0.0025,100,0.0007,0.0014,0.0017,0.0038,0.0331,0.0369,0.273,0.259,0.284,0.272,5.062,5.062,5.878,390,185,167.06,247.35,200,424.2424,680,434.7475,1.871,159.3,99.12,4,247.8,0.4,
157,4/28/2012,LOPU,3,17,7,5,27.49,10,10,1,0.7,1.7,1.1,2.2,1.4,0.0128,0.0396,0.0506,100,0.0019,0.0076,0.0099,0.0194,0.3182,0.3376,0.561,1.605,2.373,1.513,40.646,40.646,45.185,295.26,211.18,239.7,248.71,148.4375,191.9192,195.6522,178.6696,1.6438,133.84,531.38,20.4,260.48,0.35,
158,4/28/2012,LOPU,4,11,2,2,3.14,10,10,1.3,0.6,1.4,0.7,1.6,0.7,0.0079,0.0125,0.0133,100,0.0013,0.0028,0.0031,0.0072,0.0818,0.089,0.563,0.751,0.902,0.7386666667,12.849,12.849,15.065,433.08,268.21,290.97,330.75,164.557,224,233.0827,207.2132,4.7953,169.27,347.42,11.3,307.45,0.18,
159,4/28/2012,LOPU,5,12,27,18,381.7,10,10,1,0.6,1.4,0.8,1.6,0.8,0.0076,0.0163,0.0193,33,0.0026,0.0042,0.0047,0.0115,0.952,0.9635,0.536,1.022,1.081,0.8796666667,37.118,112.4787878788,115.1177878788,206.15,243.33,230,226.5,342.1053,257.6687,243.5233,281.0991,0.3016,119.48,753.27,20.8,362.15,1.88,
160,4/28/2012,LOPU,6,8,1,1,0.79,10,10,0.7,0.4,0.9,0.5,0.9,0.5,0.0025,0.0043,0.004,100,0.0007,0.002,0.0014,0.0041,0.0176,0.0217,0.212,0.333,0.324,0.2896666667,3.2,3.2,4.069,302.86,166.5,231.43,233.6,280,465.1163,350,365.0388,5.1808,187.51,665.97,22,302.71,0.13,
161,4/28/2012,LOPU,7,8,1,1,0.79,10,10,0.8,0.5,1,0.6,1.1,0.5,0.0062,0.0063,0.0059,100,0.0009,0.002,0.0015,0.0044,0.0314,0.0358,0.335,0.457,0.47,0.4206666667,6.17,6.17,7.432,372.22,228.5,313.33,304.69,145.1613,317.4603,254.2373,238.953,9.4627,207.6,832.59,27.4,303.86,0.13,
162,4/28/2012,LOPU,8,21,18,13,183.78,10,10,1.2,1,2,1.1,2,1.4,0.0169,0.0289,0.38,50,0.0038,0.0067,0.0076,0.0181,1.0408,1.0589,0.936,1.816,2.093,1.615,57.852,115.704,120.549,246.32,271.04,275.39,264.25,224.8521,231.8339,20,158.8953,0.6559,113.84,672.29,38.6,174.17,0.74,
163,4/28/2012,LOPU,9,5,1,1,0.79,NA,NA,0.7,0.4,0.6,0.4,NA,NA,0.0019,0.0015,NA,100,0.0009,0.0007,NA,0.0016,0.0111,0.0127,0.234,0.214,NA,0.224,1.985,1.985,NA,260,305.71,NA,282.86,473.6842,466.6667,NA,470.1754,NA,NA,NA,NA,NA,0.2,
164,4/28/2012,LOPU,10,6,4,2,6.28,NA,NA,0.7,0.4,0.8,0.5,0.9,0.5,0.0042,0.0035,0.0043,100,0.0011,0.001,0.0017,0.0038,0.0569,0.0607,0.276,0.408,0.356,0.3466666667,11.141,11.141,12.181,250.91,408,209.41,289.44,261.9048,285.7143,395.3488,314.3226,1.9387,200.68,NA,NA,NA,0.5,
165,4/28/2012,LOPU,11,10,2,2,3.14,NA,NA,1.1,0.6,1.1,0.5,1.3,0.7,0.0061,0.0054,0.0089,100,0.0017,0.0024,0.003,0.0071,0.0693,0.0764,0.472,0.512,0.642,0.542,12.852,12.852,14.478,277.65,213.33,214,234.99,278.6885,444.4444,337.0787,353.4039,4.6085,189.5,NA,NA,NA,0.2,
166,4/28/2012,LOPU,12,11,2,2,3.14,NA,NA,1,0.5,1.2,0.8,1.2,0.7,0.0078,0.0106,0.0073,100,0.0015,0.0031,0.0019,0.0065,0.0427,0.0492,0.471,0.695,0.62,0.5953333333,6.909,6.909,8.695,314,224.19,326.32,288.17,192.3077,292.4528,260.274,248.3448,2.7677,176.73,NA,NA,NA,0.18,
167,4/28/2012,LOPU,13,13,11,4,34.56,NA,NA,1.5,0.9,1.7,1.1,1.9,0.9,0.0192,0.034,0.0228,100,0.0042,0.0065,0.0042,0.0149,0.3357,0.3506,0.84,1.543,1.317,1.2333333333,52.263,52.263,55.963,200,237.38,313.57,250.32,218.75,191.1765,184.2105,198.0457,1.6194,159.62,NA,NA,NA,0.58,
168,4/28/2012,LOPU,14,8,13,6,61.26,NA,NA,1.1,0.7,1.5,0.9,1.4,0.6,0.011,0.0169,0.01,100,0.0028,0.0033,0.0036,0.0097,0.2041,0.2138,0.601,0.939,0.718,0.7526666667,40.011,40.011,42.269,214.64,284.55,199.44,232.88,254.5455,195.2663,360,269.9372,0.69,197.7,NA,NA,NA,1.19,
169,4/28/2012,LOPU,15,18,16,11,138.23,NA,NA,1.7,0.9,1.6,1,1.6,1,0.0266,0.0299,0.0357,50,0.0052,0.0051,0.0072,0.0175,1.0793,1.0968,1.108,1.276,1.483,1.289,68.035,136.07,139.937,213.08,250.2,205.97,223.08,195.4887,170.5686,201.6807,189.246,1.0123,127.59,NA,NA,NA,0.75,
170,4/28/2012,CLPU,2,6,4,4,12.57,10,10,0.7,0.2,2.1,0.2,2.1,0.2,0.006,0.0127,0.0116,100,0.0014,0.0026,0.0021,0.0061,0.0284,0.0345,0.249,0.436,0.432,0.3723333333,2.177,2.177,3.294,177.86,167.69,205.71,183.75,233.3333,204.7244,181.0345,206.3641,0.2621,95.48,108.88,4.6,236.7,0.67,there is no plant 1!- wrong sp was grabbed
171,4/28/2012,CLPU,3,15,4,3,9.42,10,10,2.5,0.5,3,0.4,3.5,0.6,0.036,0.0315,0.0441,100,0.0055,0.0041,0.0063,0.0159,0.1213,0.1372,1.105,1.101,1.398,1.2013333333,14.426,14.426,18.03,200.91,268.54,221.9,230.45,152.7778,130.1587,142.8571,141.9312,1.913,131.41,102.51,6.7,153,0.23,
172,4/28/2012,CLPU,4,16,5,5,19.63,10,10,2.2,0.6,2.8,0.7,3.2,0.6,0.0385,0.0496,0.0607,100,0.0054,0.009,0.0111,0.0255,0.2221,0.2476,1.342,1.655,1.899,1.632,20.183,20.183,25.079,248.52,183.89,171.08,201.16,140.2597,181.4516,182.8666,168.1926,1.2773,101.29,788.04,44.4,177.49,0.31,
173,4/28/2012,CLPU,5,58,30,23,541.92,10,10,2.9,0.4,4.7,0.5,6.6,0.9,0.0252,0.0688,0.1493,33,0.0049,0.0157,0.0311,0.0517,5.1216,5.1733,1.049,2.444,4.436,2.643,74.118,224.6,232.529,214.08,155.67,142.64,170.8,194.4444,228.1977,208.3054,210.3158,0.4291,44.95,775.67,28.5,272.16,0.46,
174,4/28/2012,CLPU,6,19,7,5,27.49,10,10,4,0.8,4.3,0.8,3.5,0.7,0.0844,0.0964,0.07,100,0.0136,0.0153,0.0134,0.0423,0.3113,0.3536,2.846,3.171,2.017,2.678,22.964,22.964,30.998,209.26,207.25,150.52,189.01,161.1374,158.7137,191.4286,170.4266,1.1277,87.66,773.38,24,322.24,0.32,
175,4/28/2012,CLPU,7,15,7,6,32.99,10,10,2.7,0.6,2.8,0.4,4.1,1,0.0365,0.0297,0.0945,100,0.0045,0.0038,0.0144,0.0227,0.2383,0.261,1.363,1.209,2.907,1.8263333333,30.307,30.307,35.786,302.89,318.16,201.88,274.31,123.2877,127.9461,152.381,134.5383,1.0849,137.11,307.57,11.1,277.09,0.43,
176,4/28/2012,CLPU,8,20,10,7,54.98,10,10,3.5,0.7,4.2,0.8,2.8,0.4,0.0625,0.0837,0.0249,100,0.0075,0.0116,0.0046,0.0237,0.3593,0.383,1.968,2.582,1.052,1.8673333333,41.584,41.584,47.186,262.4,222.59,228.7,237.89,120,138.5902,184.739,147.7764,0.8583,123.2,491.24,11.6,423.48,0.43,
177,4/28/2012,CLPU,9,6,2,3,4.71,NA,NA,1.3,0.2,1.8,0.3,2.2,0.4,0.0077,0.0132,0.0191,100,0.0018,0.0024,0.0039,0.0081,0.0251,0.0332,0.305,0.554,0.587,0.482,2.503,2.503,3.949,169.44,230.83,150.51,183.6,233.7662,181.8182,204.1885,206.591,0.838,118.95,NA,NA,NA,0.42,
178,4/28/2012,CLPU,10,25,3,3,7.07,NA,NA,2.8,0.4,3.7,0.6,3.6,0.4,0.04,0.0575,0.0541,100,0.0062,0.0102,0.0096,0.026,0.2733,0.2993,1.339,1.822,1.713,1.6246666667,20.425,20.425,25.299,215.97,178.63,178.44,191.01,155,177.3913,177.4492,169.9468,3.5791,84.53,NA,NA,NA,0.12,
179,4/28/2012,CLPU,11,15,7,4,21.99,NA,NA,2.7,0.8,3.4,0.8,4.2,0.7,0.0502,0.0564,0.0539,100,0.0071,0.0083,0.009,0.0244,0.1881,0.2125,1.678,2.117,2.111,1.9686666667,24.93,24.93,30.836,236.34,255.06,234.56,241.98,141.4343,147.1631,166.9759,151.8578,1.4022,145.11,NA,NA,NA,0.37,
180,4/28/2012,CLPU,12,12,1,2,1.57,NA,NA,2.1,0.6,2.7,0.5,3.1,0.5,0.0323,0.0317,0.0385,100,0.0063,0.0054,0.0074,0.0191,0.0664,0.0855,1.045,1.07,1.371,1.162,6.551,6.551,10.037,165.87,198.15,185.27,183.1,195.0464,170.347,192.2078,185.8671,6.3898,117.39,NA,NA,NA,0.13,
181,4/28/2012,CLPU,13,13,5,4,15.71,NA,NA,2,0.5,2.3,0.6,3.2,0.6,0.0238,0.035,0.0386,100,0.0042,0.0065,0.0085,0.0192,0.098,0.1172,0.836,1.142,1.44,1.1393333333,9.363,9.363,12.781,199.05,175.69,169.41,181.38,176.4706,185.7143,220.2073,194.1307,0.8137,109.05,NA,NA,NA,0.35,
182,5/12/2012,CEME,1,20,12,15,141.37,10,10,7,2.1,4.6,1.3,4.2,0.7,0.303,0.1744,0.0998,25,0.0464,0.0281,0.0189,0.0934,1.5955,1.6889,9.422,5.795,3.833,6.35,63.582,254.328,273.378,203.06,206.23,202.8,204.03,153.1353,161.1239,189.3788,167.8793,1.9338,161.87,251.85,20.1,125.3,0.68,
183,5/12/2012,CEME,2,14,14,11,120.95,10,10,6,1.4,6,1.2,3.2,0.7,0.177,0.1894,0.0512,100,0.0204,0.0266,0.0085,0.0555,0.604,0.6595,5.24,6.668,1.792,4.5666666667,84.637,84.637,98.337,256.86,250.68,210.82,239.45,115.2542,140.4435,166.0156,140.5711,0.813,149.11,179.88,11.7,153.74,0.89,
184,5/12/2012,CEME,3,13,6,6,28.27,10,10,4.1,1,3.3,0.7,3.2,0.7,0.1052,0.0646,0.0546,100,0.01332,0.0108,0.0095,0.03362,0.596,0.62962,3.273,1.984,1.968,2.4083333333,85.419,85.419,92.644,245.72,183.7,207.16,212.19,126.616,167.1827,173.9927,155.9304,3.2766,147.14,959.09,38.2,251.07,0.46,
185,5/12/2012,CEME,4,44,35,41,1127.05,10,10,4.6,1.2,3,1.1,2.7,0.8,0.2044,0.0709,0.0766,10,0.0311,0.0122,0.0136,0.0569,9.1675,9.2244,5.628,2.657,2.775,3.6866666667,106.537,1065.37,1076.43,180.96,217.79,204.04,200.93,152.1526,172.0733,177.5457,167.2572,0.9551,116.69,1118.19,73.7,151.72,0.86,
186,5/12/2012,CEME,5,14,13,7,71.47,10,10,4.5,0.9,3.4,0.8,3.5,0.9,0.1424,0.0778,0.0709,50,0.0234,0.013,0.0131,0.0495,0.9221,0.9716,4.683,2.622,2.616,3.307,59.32,118.64,128.561,200.13,201.69,199.69,200.51,164.3258,167.0951,184.7673,172.0627,1.7988,132.32,474.23,23.4,202.66,0.71,
187,5/12/2012,CEME,6,28,14,12,131.95,10,10,7.4,2.2,4.9,1.2,3.4,1,0.3492,0.1729,0.1028,33,0.0548,0.0314,0.0238,0.11,2.3206,2.4306,10.666,5.435,3.115,6.4053333333,88.957,269.5666666667,288.7826666667,194.64,173.09,130.88,166.2,156.9301,181.6079,231.5175,190.0185,2.1886,118.81,733.93,64.7,113.44,0.46,
188,5/12/2012,CEME,7,27,14,14,153.94,10,10,7.3,2.5,3.5,1.2,3.5,1.1,0.3481,0.0896,0.0797,25,0.0531,0.0151,0.0141,0.0823,5.3217,5.404,9.091,3.509,3.185,5.2616666667,75.675,302.7,318.485,171.21,232.38,225.89,209.83,152.5424,168.5268,176.9134,165.9942,2.0689,58.94,418.15,40.6,102.99,0.52,
189,5/12/2012,CEME,8,18,11,10,86.39,10,10,6.7,2.7,5.5,1.7,3.2,0.7,0.2455,0.2047,0.0817,100,0.0414,0.0323,0.0163,0.09,0.8113,0.9013,7.752,6.566,2.863,5.727,87.53,87.53,104.711,187.25,203.28,175.64,188.72,168.6354,157.7919,199.5104,175.3126,1.212,116.18,250.89,40.5,61.95,0.58,
190,5/12/2012,HECO,1,14,10,8,62.83,10,10,7.7,0.6,6.2,0.7,6.4,0.6,0.1837,0.1352,0.087,50,0.028,0.0204,0.0148,0.0632,1.271,1.3342,4.416,3.413,2.666,3.4983333333,80.568,161.136,171.631,157.71,167.3,180.14,168.38,152.4224,150.8876,170.1149,157.8083,2.7316,128.64,492.42,18.9,260.54,0.64,
191,5/12/2012,HECO,2,20,29,30,683.3,10,10,17.5,2.8,14.1,1.6,11.5,1.1,1.4359,0.75,0.2837,10,0.1853,0.1104,0.0503,0.346,8.2085,8.5545,35.058,17.322,9.265,20.5483333333,144.464,1444.64,1506.285,189.2,156.9,184.19,176.76,129.048,147.2,177.3,151.1826,2.2044,176.08,268.48,14.1,190.41,1.48,
192,5/12/2012,HECO,3,9,11,7,60.48,10,10,12.9,1.4,10.1,0.6,9.6,0.6,0.3804,0.1359,0.1145,100,0.043,0.0164,0.0131,0.0725,0.5195,0.592,13.169,5.38,4.062,7.537,91.561,91.561,114.172,306.26,328.05,310.08,314.79,113.0389,120.677,114.4105,116.0421,1.8879,192.86,389.27,15.2,256.1,1,
193,5/12/2012,HECO,4,13,20,14,219.91,10,10,12.2,2.1,7.7,1.1,9.7,1.1,0.7204,0.18,0.2352,50,0.1035,0.028,0.035,0.1665,1.2957,1.4622,19.376,6.462,7.945,11.261,98.995,197.99,231.773,187.21,230.79,227,215,143.6702,155.5556,148.8095,149.3451,1.0539,158.51,279.58,12.1,231.06,1.31,
194,5/12/2012,HECO,5,11,20,29,455.53,10,10,13.3,1.2,9.2,0.9,7.7,0.6,0.4539,0.2107,0.1124,50,0.0641,0.0304,0.0164,0.1109,0.9642,1.0751,11.71,7.137,4.29,7.7123333333,69.266,138.532,161.669,182.68,234.77,261.59,226.35,141.2205,144.281,145.9075,143.803,0.3549,150.38,626.79,56.8,110.35,2.23,
195,5/12/2012,HECO,6,15,22,12,207.35,10,10,10.3,1.2,9.8,1.5,8.4,0.8,0.283,0.3797,0.2299,50,0.03785,0.048,0.0293,0.11515,1.17,1.28515,8.414,11.275,7.29,8.993,108.411,216.822,243.801,222.3,234.9,248.81,235.33,133.7456,126.4156,127.4467,129.2026,1.1758,189.71,370.24,16.7,221.7,1.13,
196,5/12/2012,HECO,7,34,22,22,380.13,10,10,11.6,1.6,9,1.5,5.6,0.7,0.4821,0.2741,0.1023,25,0.0792,0.0483,0.0216,0.1491,3.3337,3.4828,14.595,10.26,3.966,9.607,105.372,421.488,450.309,184.28,212.42,183.61,193.44,164.2813,176.2131,211.1437,183.8793,1.1846,129.3,240.96,9.5,253.64,0.65,
197,5/12/2012,HECO,8,7,12,10,94.25,10,10,8,1,8.5,0.8,6.7,0.4,0.1857,0.189,0.0772,100,0.0332,0.0317,0.0129,0.0778,0.3229,0.4007,5.412,5.947,2.894,4.751,40.826,40.826,55.079,163.01,187.6,224.34,191.65,178.783,167.7249,167.0984,171.2021,0.5844,137.46,459.05,13.5,340.04,1.57,
198,5/12/2012,SIGA,1,14,33,29,751.63,10,10,4.4,1.4,3.3,0.9,2.2,0.3,0.2036,0.1566,0.0333,33,0.0383,0.03,0.008,0.0763,3.5142,3.5905,3.893,2.913,0.77,2.5253333333,47.861,145.0333333333,152.6093333333,101.64,97.1,96.25,98.33,188.1139,191.5709,240.2402,206.6417,0.203,42.5,506.11,36.5,138.66,2.21,
199,5/12/2012,SIGA,2,24,24,34,640.88,10,10,3.9,1.3,2.6,0.8,2.4,0.5,0.134,0.0828,0.0528,33,0.02,0.0162,0.0112,0.0474,1.6022,1.6496,3.424,1.927,1.281,2.2106666667,28.274,85.6787878788,92.3107878788,171.2,118.95,114.38,134.84,149.2537,195.6522,212.1212,185.6757,0.144,55.96,207.2,10.5,197.33,1.21,
200,5/12/2012,CLBO,1,13,4,4,12.57,10,10,2.6,0.5,2.8,0.3,3,0.4,0.0326,0.0317,0.0358,100,0.0048,0.0045,0.0064,0.0157,0.3038,0.3195,1.077,1.031,1.075,1.061,26.892,26.892,30.075,224.38,229.11,167.97,207.15,147.2393,141.9558,178.7709,155.9887,2.3933,94.13,383.6,12.4,309.35,0.31,
201,5/12/2012,CLBO,2,13,6,5,23.56,10,10,2,0.5,2.5,0.5,2.7,0.4,0.0268,0.0353,0.0271,100,0.0052,0.0071,0.0069,0.0192,0.3323,0.3515,0.95,1.063,0.899,0.9706666667,21.699,21.699,24.611,182.69,149.72,130.29,154.23,194.0299,201.1331,254.6125,216.5918,1.0445,70.02,299.47,11.9,251.66,0.42,
202,5/12/2012,CLBO,3,32,27,24,508.94,10,10,3.3,0.6,2.7,0.4,1.4,0.3,0.0416,0.0335,0.0111,20,0.0081,0.0067,0.0026,0.0174,2.765,2.7824,1.199,0.916,0.369,0.828,28.452,142.26,144.744,148.02,136.72,141.92,142.22,194.7115,200,234.2342,209.6486,0.2844,52.02,1004.91,44.7,224.81,0.8,
203,5/12/2012,CLBO,4,24,21,5,82.47,10,10,3,0.5,2.7,0.6,3,0.4,0.0321,0.0323,0.0329,100,0.0057,0.0057,0.0063,0.0177,0.7598,0.7775,1.292,1.212,0.997,1.167,39.926,39.926,43.427,226.67,212.63,158.25,199.18,177.5701,176.4706,191.4894,181.8433,0.5266,55.85,421.74,22.9,184.17,0.54,
204,5/14/2012,CLBO,5,13,3,3,7.07,10,10,2,0.7,3.1,0.7,2.3,0.4,0.0388,0.0525,0.0236,100,0.0051,0.0085,0.0048,0.0184,0.02707,0.04547,1.061,1.448,0.833,1.114,24.597,24.597,27.939,208.04,170.35,173.54,183.98,131.4433,161.9048,203.3898,165.5793,3.9526,614.45,510.55,19,268.71,0.23,
205,5/14/2012,SIGA,3,28,18,13,183.78,10,10,5.2,1.2,3.4,0.8,2,0.4,0.1537,0.0972,0.026,100,0.0177,0.017,0.0074,0.0421,0.9029,0.945,4.081,2.484,0.778,2.4476666667,52.449,52.449,59.792,230.56,146.12,105.14,160.61,115.1594,174.8971,284.6154,191.5573,0.3253,63.27,179.29,9.2,194.88,0.55,
206,5/14/2012,SIGA,4,26,4,4,12.57,10,10,2.9,0.7,2.6,0.5,1.7,0.2,0.0451,0.0348,0.012,100,0.009,0.0072,0.0028,0.019,0.3161,0.3351,2.053,1.313,0.519,1.295,7.369,7.369,11.254,228.11,182.36,185.36,198.61,199.5565,206.8966,233.3333,213.2621,0.8956,33.58,152.08,6.4,237.63,0.15,
207,5/14/2012,SIGA,5,26,2,2,3.14,10,10,2.8,0.8,2.3,0.5,1.5,0.3,0.061,0.042,0.0094,100,0.0107,0.0095,0.0028,0.023,0.3192,0.3422,1.912,1.408,0.341,1.2203333333,6.402,6.402,10.063,178.69,148.21,121.79,149.56,175.4098,226.1905,297.8723,233.1576,3.2032,29.41,630.31,20.4,308.98,0.08,
208,5/14/2012,GECA,1,6,23,16,289.03,10,10,3,2.2,2,2.2,1.7,2.2,0.0432,0.0298,0.0192,50,0.0115,0.0085,0.0054,0.0254,1.4046,1.43,2.396,1.682,1.116,1.7313333333,29.801,59.602,64.796,208.35,197.88,206.67,204.3,266.2037,285.2349,281.25,277.5629,0.2242,45.31,231.06,7.3,316.52,3.25,
209,5/14/2012,GECA,2,5,2,4,6.28,10,10,2.2,2,1.3,1.4,1.7,1.5,0.0339,0.0155,0.0179,100,0.0073,0.0037,0.0052,0.0162,0.0408,0.057,2.647,1.043,1.737,1.809,4.732,4.732,10.159,362.6,281.89,334.04,326.18,215.3392,238.7097,290.5028,248.1839,1.6169,178.23,224.94,10.4,216.29,0.6,
210,5/14/2012,GECA,3,7,12,7,65.97,10,10,2.5,2.9,2.4,2.6,2.7,2,0.0557,0.0484,0.0159,100,0.0145,0.0141,0.0048,0.0334,0.4789,0.5123,4.168,3.301,1.088,2.8523333333,28.032,28.032,36.589,287.45,234.11,226.67,249.41,260.3232,291.3223,301.8868,284.5108,0.5546,71.42,799.19,59.2,135,1.36,
211,5/14/2012,GECA,4,2,4,3,9.42,10,10,1.5,1.6,1.5,1.7,1.3,1.4,0.0297,0.0295,0.013,100,0.0063,0.0074,0.004,0.0177,0.0928,0.1105,1.653,1.388,0.929,1.3233333333,6.547,6.547,10.517,262.38,187.57,232.25,227.4,212.1212,250.8475,307.6923,256.887,1.1159,95.18,73.92,4.6,160.7,1.75,
212,5/14/2012,GECA,5,6,7,4,21.99,10,10,1.5,1.7,1.4,1.6,1.4,1.6,0.0205,0.0211,0.0147,100,0.0055,0.0048,0.0036,0.0139,0.1896,0.2035,1.528,1.583,0.993,1.368,8.182,8.182,12.286,277.82,329.79,275.83,294.48,268.2927,227.4882,244.898,246.8929,0.5587,60.37,325.54,15,217.03,0.92,
213,5/14/2012,GECA,6,8,6,6,28.27,10,10,1.9,2.4,2,2.4,1.4,2.2,0.0322,0.0319,0.0197,100,0.0076,0.0075,0.0049,0.02,0.2132,0.2332,2.514,2.278,1.296,2.0293333333,9.988,9.988,16.076,330.79,303.73,264.49,299.67,236.0248,235.1097,248.731,239.9552,0.5686,68.94,265.99,14.3,186.01,0.75,
214,5/14/2012,GECA,7,11,19,15,223.84,10,10,2.2,2.3,2,2.5,1.1,2,0.0499,0.0346,0.0109,33,0.0131,0.0092,0.0036,0.0259,1.8643,1.8902,2.774,1.85,0.743,1.789,23.359,70.7848484848,76.1518484848,211.76,201.09,206.39,206.41,262.5251,265.896,330.2752,286.2321,0.3402,40.29,139.73,8.1,172.51,1.55,
215,5/14/2012,GECA,8,7,3,8,18.85,10,10,1.3,1.7,1.3,1.4,0.9,1.3,0.0172,0.0164,0.0057,100,0.0051,0.0048,0.0015,0.0114,0.1259,0.1373,1.233,1.118,0.404,0.9183333333,3.861,3.861,6.616,241.76,232.92,269.33,248,296.5116,292.6829,263.1579,284.1175,0.351,48.19,180.87,8.8,205.53,0.79,
216,5/14/2012,ERBO,1,7,22,8,138.23,10,10,1.3,1,1.2,0.6,1.2,0.6,0.0135,0.01,0.0099,100,0.0039,0.0025,0.0018,0.0082,0.7112,0.7194,0.713,0.524,0.519,0.5853333333,58.385,58.385,60.141,182.82,209.6,288.33,226.92,288.8889,250,181.8182,240.2357,0.4351,83.6,229.23,9.1,251.9,2.14,"leaflet sampled for SLA, LA was whole leaves"
217,5/14/2012,ERBO,2,18,7,7,38.48,10,10,1.1,0.9,0.8,0.4,0.8,0.9,0.0161,0.0054,0.0086,100,0.0032,0.0016,0.0024,0.0072,0.2514,0.2586,0.998,0.253,0.43,0.5603333333,25.087,25.087,26.768,311.88,158.13,179.17,216.39,198.7578,296.2963,279.0698,258.0413,0.6956,103.51,195.57,7.9,247.56,0.39,"leaflet sampled for SLA, LA was whole leaves"
218,5/14/2012,ERBO,3,7,9,5,35.34,10,10,0.9,0.9,0.9,1,0.8,0.8,0.0127,0.0112,0.008,100,0.0034,0.0025,0.0029,0.0088,0.2531,0.2619,0.577,0.563,0.43,0.5233333333,23.37,23.37,24.94,169.71,225.2,148.28,181.06,267.7165,223.2143,362.5,284.4769,0.7057,95.23,157.34,6,262.23,1,"leaflet sampled for SLA, LA was whole leaves"
219,5/14/2012,ERBO,4,12,30,20,471.24,10,10,1.2,0.8,1.2,0.8,1.1,0.6,0.0107,0.0108,0.0099,100,0.003,0.0031,0.0021,0.0082,1.9245,1.9327,0.635,0.651,0.601,0.629,74.92,74.92,76.807,211.67,210,286.19,235.95,280.3738,287.037,212.1212,259.844,0.163,39.74,126.49,11.4,110.96,2.08,"leaflet sampled for SLA, LA was whole leaves"
220,5/14/2012,ANAR,1,3,1.5,1.5,1.77,10,10,0.6,0.6,0.9,0.6,1,0.7,0.0071,0.0085,0.0098,100,0.002,0.0018,0.002,0.0058,0.0214,0.0272,0.331,0.425,0.558,0.438,3.414,3.414,4.728,165.5,236.11,279,226.87,281.6901,211.7647,204.0816,232.5122,2.6755,173.82,34.73,0.5,694.6,0.5,
221,5/14/2012,ANAR,2,6,13,7,71.47,10,10,1.1,0.7,1.2,1,0.9,0.6,0.0152,0.022,0.0084,100,0.0022,0.0037,0.0017,0.0076,0.2547,0.2623,0.594,0.947,0.439,0.66,33.441,33.441,35.421,270,255.95,258.24,261.39,144.7368,168.1818,202.381,171.7665,0.4956,135.04,249.54,11.4,218.89,1.67,
222,5/14/2012,ANAR,3,7,12,21,197.92,10,10,1.4,1.1,1.4,0.9,1.2,0.7,0.0291,0.0177,0.0118,25,0.005,0.0041,0.0029,0.012,0.8575,0.8695,1.22,1.004,0.704,0.976,19.322,77.288,80.216,244,244.88,242.76,243.88,171.8213,231.6384,245.7627,216.4075,0.4053,92.26,248.2,16.6,149.52,2.36,
223,5/14/2012,ANAR,4,4,11,9,77.75,10,10,0.9,0.7,1.3,1,1.1,0.8,0.0159,0.0244,0.0171,50,0.0026,0.0045,0.0028,0.0099,0.3264,0.3363,0.516,0.964,0.777,0.7523333333,24.703,49.406,51.663,198.46,214.22,277.5,230.06,163.522,184.4262,163.7427,170.5636,0.6644,153.62,153.01,5.7,268.44,2.5,
224,5/14/2012,ANAR,5,7,16,12,150.8,10,10,1.3,1,1.4,1.1,1.2,0.8,0.028,0.0289,0.0173,25,0.0043,0.0048,0.0035,0.0126,0.5333,0.5459,1.024,1.115,0.81,0.983,18.682,74.728,77.677,238.14,232.29,231.43,233.95,153.5714,166.09,202.3121,173.9912,0.5151,142.29,326.02,10.7,304.69,2,
225,6/13/2012,NAAT,1,5,18,12,169.65,10,10,1,0.7,1,0.7,0.9,0.6,0.0096,0.0083,0.0047,5,0.0035,0.003,0.0025,0.009,2.67,2.679,0.334,0.351,0.403,0.3626666667,16.546,330.92,332.008,95.43,117,161.2,124.54,364.5833,361.4458,531.9149,419.3147,1.9571,123.93,453.4,33.3,136.16,3,
226,6/13/2012,NAAT,2,9,33,28,725.71,10,10,1.1,0.7,1.5,1,1.2,0.7,0.0067,0.0093,0.0047,1.65,0.0026,0.0037,0.0025,0.0088,16.42,16.4288,0.344,0.462,0.276,0.3606666667,13.487,817.3939393939,818.4759393939,132.31,124.86,110.4,122.52,388.0597,397.8495,531.9149,439.2747,1.1278,49.82,1968.5,100.8,195.29,3.39,
227,6/13/2012,NAAT,3,5,8,6,37.7,10,10,1.3,0.9,1.3,0.6,1,0.4,0.0047,0.0045,0.0023,30,0.003,0.0028,0.0022,0.008,0.68,0.688,0.327,0.262,0.135,0.2413333333,13.163,43.8766666667,44.6006666667,109,93.57,61.36,87.98,638.2979,622.2222,956.5217,739.0139,1.1831,64.83,330.87,19.2,172.33,1.4,
228,6/13/2012,NAAT,4,5,11,14,120.95,10,10,1.1,0.8,1.1,0.9,1,0.7,0.0059,0.0111,0.0052,11.5,0.0023,0.0033,0.0015,0.0071,1.25,1.2571,0.365,0.453,0.29,0.3693333333,12.786,111.1826086957,112.2906086957,158.7,137.27,193.33,163.1,389.8305,297.2973,288.4615,325.1964,0.9284,89.33,312.26,17,183.68,2.5,
229,6/13/2012,NAAT,5,10,20,15,235.62,10,10,1.3,0.9,1.4,0.9,1.2,0.9,0.0082,0.0088,0.0056,4.8,0.0033,0.0032,0.0025,0.009,5.36,5.369,0.384,0.429,0.293,0.3686666667,18.197,379.1041666667,380.2101666667,116.36,134.06,117.2,122.54,402.439,363.6364,446.4286,404.168,1.6137,70.82,246.48,10.8,228.22,1.75,
230,6/13/2012,NAAT,6,5,20,18,282.74,10,10,1.3,0.9,1.5,1,1.1,0.7,0.0089,0.0124,0.0068,10.7,0.0034,0.0039,0.003,0.0103,2.29,2.3003,0.392,0.486,0.304,0.394,17.587,164.3644859813,165.5464859813,115.29,124.62,101.33,113.75,382.0225,314.5161,441.1765,379.2384,0.5855,71.97,713.94,29.7,240.38,3.8,
231,6/13/2012,NAAT,7,5,18,11,155.51,10,10,1.4,1,1.3,0.9,1,0.7,0.0101,0.0068,0.0046,15,0.0031,0.0023,0.0018,0.0072,1.4,1.4072,0.416,0.302,0.172,0.2966666667,13.749,91.66,92.55,134.19,131.3,95.56,120.35,306.9307,338.2353,391.3043,345.4901,0.5951,65.77,115.63,4.7,246.02,2.9,
232,6/13/2012,NAAT,8,19,32,25,628.32,10,10,1.1,0.8,1,0.8,1,0.7,0.01,0.0078,0.0047,5,0.0034,0.0023,0.0019,0.0076,7.48,7.4876,0.42,0.324,0.235,0.3263333333,24.654,493.08,494.059,123.53,140.87,123.68,129.36,340,294.8718,404.2553,346.3757,0.7863,65.98,691.14,29.5,234.28,1.5,
